Timestamp,state,current,volt,temp
2024-05-29 00:00:00,0.8,0.0,4.042078696473576,298.15
2024-05-29 00:01:00,0.8,0.0,4.042078696473576,298.15
2024-05-29 00:02:00,0.8,0.0,4.042078696473576,298.15
2024-05-29 00:03:00,0.8,0.0,4.042078696473576,298.15
2024-05-29 00:04:00,0.8,0.0,4.042078696473576,298.15
2024-05-29 00:05:00,0.8,0.0,4.042078696473576,298.15
2024-05-29 00:06:00,0.8,0.0,4.042078696473576,298.15
2024-05-29 00:07:00,0.8,0.0,4.0420786964735775,298.15
2024-05-29 00:08:00,0.8,0.0,4.042078696473576,298.15
2024-05-29 00:09:00,0.8,0.0,4.042078696473576,298.15
2024-05-29 00:10:00,0.8,0.0,4.042078696473579,298.15
2024-05-29 00:11:00,0.8,0.0,4.042078696473579,298.15
2024-05-29 00:12:00,0.8,0.0,4.0420786964735775,298.15
2024-05-29 00:13:00,0.8,0.0,4.0420786964735775,298.15
2024-05-29 00:14:00,0.8,0.0,4.0420786964735775,298.15
2024-05-29 00:15:00,0.8,0.0,4.042078696473579,298.15
2024-05-29 00:16:00,0.8,0.0,4.0420786964735775,298.15
2024-05-29 00:17:00,0.8,0.0,4.042078696473579,298.15
2024-05-29 00:18:00,0.8,0.0,4.0420786964735775,298.15
2024-05-29 00:19:00,0.8,0.0,4.0420786964735775,298.15
2024-05-29 00:20:00,0.8,0.0,4.0420786964735775,298.15
2024-05-29 00:21:00,0.8,0.0,4.042078696473579,298.15
2024-05-29 00:22:00,0.8,0.0,4.042078696473579,298.15
2024-05-29 00:23:00,0.8,0.0,4.042078696473579,298.15
2024-05-29 00:24:00,0.8,0.0,4.042078696473579,298.15
2024-05-29 00:25:00,0.8,0.0,4.042078696473576,298.15
2024-05-29 00:26:00,0.8,0.0,4.042078696473576,298.15
2024-05-29 00:27:00,0.8,0.0,4.042078696473576,298.15
2024-05-29 00:28:00,0.8,0.0,4.042078696473576,298.15
2024-05-29 00:29:00,0.8,0.0,4.042078696473574,298.15
2024-05-29 00:30:00,0.8,0.0,4.042078696473574,298.15
2024-05-29 00:31:00,0.8,0.0,4.042078696473574,298.15
2024-05-29 00:32:00,0.8,0.0,4.042078696473574,298.15
2024-05-29 00:33:00,0.8,0.0,4.042078696473574,298.15
2024-05-29 00:34:00,0.8,0.0,4.0420786964735775,298.15
2024-05-29 00:35:00,0.8,0.0,4.0420786964735775,298.15
2024-05-29 00:36:00,0.8,0.0,4.042078696473574,298.15
2024-05-29 00:37:00,0.8,0.0,4.042078696473574,298.15
2024-05-29 00:38:00,0.8,0.0,4.042078696473574,298.15
2024-05-29 00:39:00,0.8,0.0,4.042078696473574,298.15
2024-05-29 00:40:00,0.8,0.0,4.042078696473576,298.15
2024-05-29 00:41:00,0.8,0.0,4.042078696473576,298.15
2024-05-29 00:42:00,0.8,0.0,4.042078696473574,298.15
2024-05-29 00:43:00,0.8,0.0,4.042078696473574,298.15
2024-05-29 00:44:00,0.8,0.0,4.042078696473576,298.15
2024-05-29 00:45:00,0.8,0.0,4.042078696473574,298.15
2024-05-29 00:46:00,0.8,0.0,4.042078696473576,298.15
2024-05-29 00:47:00,0.8,0.0,4.042078696473576,298.15
2024-05-29 00:48:00,0.8,0.0,4.0420786964735775,298.15
2024-05-29 00:49:00,0.8,0.0,4.0420786964735775,298.15
2024-05-29 00:50:00,0.8,0.0,4.0420786964735775,298.15
2024-05-29 00:51:00,0.8,0.0,4.042078696473579,298.15
2024-05-29 00:52:00,0.8,0.0,4.042078696473579,298.15
2024-05-29 00:53:00,0.8,0.0,4.042078696473579,298.15
2024-05-29 00:54:00,0.8,0.0,4.0420786964735775,298.15
2024-05-29 00:55:00,0.8,0.0,4.042078696473579,298.15
2024-05-29 00:56:00,0.8,0.0,4.042078696473579,298.15
2024-05-29 00:57:00,0.8,0.0,4.042078696473579,298.15
2024-05-29 00:58:00,0.8,0.0,4.0420786964735775,298.15
2024-05-29 00:59:00,0.8,0.0,4.042078696473579,298.15
2024-05-29 01:00:00,0.8,0.0,4.0420786964735775,298.15
2024-05-29 01:01:00,0.8,0.0,4.0420786964735775,298.15
2024-05-29 01:02:00,0.8,0.0,4.042078696473579,298.15
2024-05-29 01:03:00,0.8,0.0,4.042078696473579,298.15
2024-05-29 01:04:00,0.8,0.0,4.042078696473579,298.15
2024-05-29 01:05:00,0.8,0.0,4.042078696473581,298.15
2024-05-29 01:06:00,0.8,0.0,4.042078696473581,298.15
2024-05-29 01:07:00,0.8,0.0,4.042078696473581,298.15
2024-05-29 01:08:00,0.8,0.0,4.042078696473583,298.15
2024-05-29 01:09:00,0.8,0.0,4.042078696473583,298.15
2024-05-29 01:10:00,0.8,0.0,4.042078696473581,298.15
2024-05-29 01:11:00,0.8,0.0,4.042078696473583,298.15
2024-05-29 01:12:00,0.8,0.0,4.042078696473583,298.15
2024-05-29 01:13:00,0.8,0.0,4.042078696473583,298.15
2024-05-29 01:14:00,0.8,0.0,4.042078696473579,298.15
2024-05-29 01:15:00,0.8,0.0,4.042078696473579,298.15
2024-05-29 01:16:00,0.8,0.0,4.042078696473583,298.15
2024-05-29 01:17:00,0.8,0.0,4.042078696473581,298.15
2024-05-29 01:18:00,0.8,0.0,4.042078696473583,298.15
2024-05-29 01:19:00,0.8,0.0,4.042078696473583,298.15
2024-05-29 01:20:00,0.8,0.0,4.042078696473581,298.15
2024-05-29 01:21:00,0.8,0.0,4.042078696473583,298.15
2024-05-29 01:22:00,0.8,0.0,4.042078696473579,298.15
2024-05-29 01:23:00,0.8,0.0,4.042078696473583,298.15
2024-05-29 01:24:00,0.8,0.0,4.042078696473583,298.15
2024-05-29 01:25:00,0.8,0.0,4.042078696473583,298.15
2024-05-29 01:26:00,0.8,0.0,4.042078696473583,298.15
2024-05-29 01:27:00,0.8,0.0,4.042078696473583,298.15
2024-05-29 01:28:00,0.8,0.0,4.042078696473583,298.15
2024-05-29 01:29:00,0.8,0.0,4.042078696473583,298.15
2024-05-29 01:30:00,0.8,0.0,4.042078696473583,298.15
2024-05-29 01:31:00,0.8,0.0,4.042078696473583,298.15
2024-05-29 01:32:00,0.8,0.0,4.042078696473583,298.15
2024-05-29 01:33:00,0.8,0.0,4.042078696473583,298.15
2024-05-29 01:34:00,0.8,0.0,4.042078696473583,298.15
2024-05-29 01:35:00,0.8,0.0,4.042078696473583,298.15
2024-05-29 01:36:00,0.8,0.0,4.042078696473583,298.15
2024-05-29 01:37:00,0.8,0.0,4.042078696473583,298.15
2024-05-29 01:38:00,0.8,0.0,4.042078696473583,298.15
2024-05-29 01:39:00,0.8,0.0,4.042078696473583,298.15
2024-05-29 01:40:00,0.8,0.0,4.042078696473583,298.15
2024-05-29 01:41:00,0.8,0.0,4.042078696473585,298.15
2024-05-29 01:42:00,0.8,0.0,4.042078696473583,298.15
2024-05-29 01:43:00,0.8,0.0,4.042078696473585,298.15
2024-05-29 01:44:00,0.8,0.0,4.042078696473583,298.15
2024-05-29 01:45:00,0.8,0.0,4.042078696473583,298.15
2024-05-29 01:46:00,0.8,0.0,4.042078696473583,298.15
2024-05-29 01:47:00,0.8,0.0,4.042078696473581,298.15
2024-05-29 01:48:00,0.8,0.0,4.042078696473583,298.15
2024-05-29 01:49:00,0.8,0.0,4.042078696473583,298.15
2024-05-29 01:50:00,0.8,0.0,4.042078696473583,298.15
2024-05-29 01:51:00,0.8,0.0,4.042078696473585,298.15
2024-05-29 01:52:00,0.8,0.0,4.042078696473585,298.15
2024-05-29 01:53:00,0.8,0.0,4.042078696473585,298.15
2024-05-29 01:54:00,0.8,0.0,4.0420786964735775,298.15
2024-05-29 01:55:00,0.8,0.0,4.042078696473579,298.15
2024-05-29 01:56:00,0.8,0.0,4.042078696473581,298.15
2024-05-29 01:57:00,0.8,0.0,4.042078696473579,298.15
2024-05-29 01:58:00,0.8,0.0,4.0420786964735775,298.15
2024-05-29 01:59:00,0.8,0.0,4.042078696473579,298.15
2024-05-29 02:00:00,0.8,0.0,4.042078696473579,298.15
2024-05-29 02:01:00,0.8,0.0,4.042078696473579,298.15
2024-05-29 02:02:00,0.8,0.0,4.042078696473579,298.15
2024-05-29 02:03:00,0.8,0.0,4.042078696473579,298.15
2024-05-29 02:04:00,0.8,0.0,4.042078696473579,298.15
2024-05-29 02:05:00,0.8,0.0,4.042078696473579,298.15
2024-05-29 02:06:00,0.8,0.0,4.0420786964735775,298.15
2024-05-29 02:07:00,0.8,0.0,4.0420786964735775,298.15
2024-05-29 02:08:00,0.8,0.0,4.042078696473581,298.15
2024-05-29 02:09:00,0.8,0.0,4.042078696473581,298.15
2024-05-29 02:10:00,0.8,0.0,4.042078696473581,298.15
2024-05-29 02:11:00,0.8,0.0,4.042078696473581,298.15
2024-05-29 02:12:00,0.8,0.0,4.042078696473581,298.15
2024-05-29 02:13:00,0.8,0.0,4.042078696473581,298.15
2024-05-29 02:14:00,0.8,0.0,4.042078696473581,298.15
2024-05-29 02:15:00,0.8,0.0,4.042078696473581,298.15
2024-05-29 02:16:00,0.8,0.0,4.042078696473585,298.15
2024-05-29 02:17:00,0.8,0.0,4.042078696473583,298.15
2024-05-29 02:18:00,0.8,0.0,4.042078696473581,298.15
2024-05-29 02:19:00,0.8,0.0,4.042078696473583,298.15
2024-05-29 02:20:00,0.8,0.0,4.042078696473581,298.15
2024-05-29 02:21:00,0.8,0.0,4.042078696473583,298.15
2024-05-29 02:22:00,0.8,0.0,4.042078696473585,298.15
2024-05-29 02:23:00,0.8,0.0,4.042078696473586,298.15
2024-05-29 02:24:00,0.8,0.0,4.042078696473586,298.15
2024-05-29 02:25:00,0.8,0.0,4.042078696473585,298.15
2024-05-29 02:26:00,0.8,0.0,4.042078696473586,298.15
2024-05-29 02:27:00,0.8,0.0,4.042078696473586,298.15
2024-05-29 02:28:00,0.8,0.0,4.042078696473586,298.15
2024-05-29 02:29:00,0.8,0.0,4.042078696473585,298.15
2024-05-29 02:30:00,0.8,0.0,4.042078696473586,298.15
2024-05-29 02:31:00,0.8,0.0,4.042078696473586,298.15
2024-05-29 02:32:00,0.8,0.0,4.042078696473586,298.15
2024-05-29 02:33:00,0.8,0.0,4.042078696473586,298.15
2024-05-29 02:34:00,0.8,0.0,4.042078696473586,298.15
2024-05-29 02:35:00,0.8,0.0,4.042078696473586,298.15
2024-05-29 02:36:00,0.8,0.0,4.042078696473585,298.15
2024-05-29 02:37:00,0.8,0.0,4.042078696473586,298.15
2024-05-29 02:38:00,0.8,0.0,4.042078696473585,298.15
2024-05-29 02:39:00,0.8,0.0,4.042078696473586,298.15
2024-05-29 02:40:00,0.8,0.0,4.042078696473585,298.15
2024-05-29 02:41:00,0.8,0.0,4.04207869647359,298.15
2024-05-29 02:42:00,0.8,0.0,4.042078696473588,298.15
2024-05-29 02:43:00,0.8,0.0,4.042078696473588,298.15
2024-05-29 02:44:00,0.8,0.0,4.042078696473586,298.15
2024-05-29 02:45:00,0.8,0.0,4.042078696473588,298.15
2024-05-29 02:46:00,0.8,0.0,4.042078696473588,298.15
2024-05-29 02:47:00,0.8,0.0,4.042078696473588,298.15
2024-05-29 02:48:00,0.8,0.0,4.042078696473588,298.15
2024-05-29 02:49:00,0.8,0.0,4.042078696473588,298.15
2024-05-29 02:50:00,0.8,0.0,4.042078696473588,298.15
2024-05-29 02:51:00,0.8,0.0,4.042078696473588,298.15
2024-05-29 02:52:00,0.8,0.0,4.04207869647359,298.15
2024-05-29 02:53:00,0.8,0.0,4.04207869647359,298.15
2024-05-29 02:54:00,0.8,0.0,4.042078696473588,298.15
2024-05-29 02:55:00,0.8,0.0,4.042078696473586,298.15
2024-05-29 02:56:00,0.8,0.0,4.042078696473588,298.15
2024-05-29 02:57:00,0.8,0.0,4.04207869647359,298.15
2024-05-29 02:58:00,0.8,0.0,4.042078696473586,298.15
2024-05-29 02:59:00,0.8,0.0,4.042078696473588,298.15
2024-05-29 03:00:00,0.8,0.0,4.042078696473588,298.15
2024-05-29 03:01:00,0.8,0.0,4.042078696473586,298.15
2024-05-29 03:02:00,0.8,0.0,4.042078696473583,298.15
2024-05-29 03:03:00,0.8,0.0,4.042078696473585,298.15
2024-05-29 03:04:00,0.8,0.0,4.042078696473583,298.15
2024-05-29 03:05:00,0.8,0.0,4.042078696473585,298.15
2024-05-29 03:06:00,0.8,0.0,4.042078696473583,298.15
2024-05-29 03:07:00,0.8,0.0,4.042078696473585,298.15
2024-05-29 03:08:00,0.8,0.0,4.042078696473585,298.15
2024-05-29 03:09:00,0.8,0.0,4.042078696473585,298.15
2024-05-29 03:10:00,0.8,0.0,4.042078696473586,298.15
2024-05-29 03:11:00,0.8,0.0,4.042078696473588,298.15
2024-05-29 03:12:00,0.8,0.0,4.042078696473585,298.15
2024-05-29 03:13:00,0.8,0.0,4.042078696473586,298.15
2024-05-29 03:14:00,0.8,0.0,4.042078696473588,298.15
2024-05-29 03:15:00,0.8,0.0,4.042078696473586,298.15
2024-05-29 03:16:00,0.8,0.0,4.042078696473586,298.15
2024-05-29 03:17:00,0.8,0.0,4.042078696473586,298.15
2024-05-29 03:18:00,0.8,0.0,4.042078696473586,298.15
2024-05-29 03:19:00,0.8,0.0,4.042078696473586,298.15
2024-05-29 03:20:00,0.8,0.0,4.042078696473586,298.15
2024-05-29 03:21:00,0.8,0.0,4.042078696473586,298.15
2024-05-29 03:22:00,0.8,0.0,4.042078696473588,298.15
2024-05-29 03:23:00,0.8,0.0,4.042078696473586,298.15
2024-05-29 03:24:00,0.8,0.0,4.042078696473586,298.15
2024-05-29 03:25:00,0.8,0.0,4.042078696473585,298.15
2024-05-29 03:26:00,0.8,0.0,4.042078696473585,298.15
2024-05-29 03:27:00,0.8,0.0,4.042078696473588,298.15
2024-05-29 03:28:00,0.8,0.0,4.042078696473588,298.15
2024-05-29 03:29:00,0.8,0.0,4.042078696473588,298.15
2024-05-29 03:30:00,0.8,0.0,4.042078696473588,298.15
2024-05-29 03:31:00,0.8,0.0,4.042078696473588,298.15
2024-05-29 03:32:00,0.8,0.0,4.04207869647359,298.15
2024-05-29 03:33:00,0.8,0.0,4.04207869647359,298.15
2024-05-29 03:34:00,0.8,0.0,4.04207869647359,298.15
2024-05-29 03:35:00,0.8,0.0,4.04207869647359,298.15
2024-05-29 03:36:00,0.8,0.0,4.042078696473588,298.15
2024-05-29 03:37:00,0.8,0.0,4.04207869647359,298.15
2024-05-29 03:38:00,0.8,0.0,4.042078696473588,298.15
2024-05-29 03:39:00,0.8,0.0,4.04207869647359,298.15
2024-05-29 03:40:00,0.8,0.0,4.04207869647359,298.15
2024-05-29 03:41:00,0.8,0.0,4.04207869647359,298.15
2024-05-29 03:42:00,0.8,0.0,4.042078696473586,298.15
2024-05-29 03:43:00,0.8,0.0,4.042078696473586,298.15
2024-05-29 03:44:00,0.8,0.0,4.042078696473586,298.15
2024-05-29 03:45:00,0.8,0.0,4.04207869647359,298.15
2024-05-29 03:46:00,0.8,0.0,4.04207869647359,298.15
2024-05-29 03:47:00,0.8,0.0,4.04207869647359,298.15
2024-05-29 03:48:00,0.8,0.0,4.042078696473595,298.15
2024-05-29 03:49:00,0.8,0.0,4.042078696473595,298.15
2024-05-29 03:50:00,0.8,0.0,4.04207869647359,298.15
2024-05-29 03:51:00,0.8,0.0,4.042078696473595,298.15
2024-05-29 03:52:00,0.8,0.0,4.042078696473595,298.15
2024-05-29 03:53:00,0.8,0.0,4.04207869647359,298.15
2024-05-29 03:54:00,0.8,0.0,4.04207869647359,298.15
2024-05-29 03:55:00,0.8,0.0,4.04207869647359,298.15
2024-05-29 03:56:00,0.8,0.0,4.042078696473595,298.15
2024-05-29 03:57:00,0.8,0.0,4.04207869647359,298.15
2024-05-29 03:58:00,0.8,0.0,4.04207869647359,298.15
2024-05-29 03:59:00,0.8,0.0,4.04207869647359,298.15
2024-05-29 04:00:00,0.8,0.0,4.04207869647359,298.15
2024-05-29 04:01:00,0.8,0.0,4.04207869647359,298.15
2024-05-29 04:02:00,0.8,0.0,4.04207869647359,298.15
2024-05-29 04:03:00,0.8,0.0,4.04207869647359,298.15
2024-05-29 04:04:00,0.8,0.0,4.04207869647359,298.15
2024-05-29 04:05:00,0.8,0.0,4.04207869647359,298.15
2024-05-29 04:06:00,0.8,0.0,4.04207869647359,298.15
2024-05-29 04:07:00,0.8,0.0,4.042078696473595,298.15
2024-05-29 04:08:00,0.8,0.0,4.042078696473595,298.15
2024-05-29 04:09:00,0.8,0.0,4.042078696473595,298.15
2024-05-29 04:10:00,0.8,0.0,4.042078696473595,298.15
2024-05-29 04:11:00,0.8,0.0,4.042078696473595,298.15
2024-05-29 04:12:00,0.8,0.0,4.042078696473595,298.15
2024-05-29 04:13:00,0.8,0.0,4.042078696473597,298.15
2024-05-29 04:14:00,0.8,0.0,4.042078696473597,298.15
2024-05-29 04:15:00,0.8,0.0,4.042078696473597,298.15
2024-05-29 04:16:00,0.8,0.0,4.042078696473597,298.15
2024-05-29 04:17:00,0.8,0.0,4.042078696473597,298.15
2024-05-29 04:18:00,0.8,0.0,4.042078696473597,298.15
2024-05-29 04:19:00,0.8,0.0,4.042078696473595,298.15
2024-05-29 04:20:00,0.8,0.0,4.042078696473595,298.15
2024-05-29 04:21:00,0.8,0.0,4.042078696473597,298.15
2024-05-29 04:22:00,0.8,0.0,4.042078696473599,298.15
2024-05-29 04:23:00,0.8,0.0,4.042078696473599,298.15
2024-05-29 04:24:00,0.8,0.0,4.042078696473597,298.15
2024-05-29 04:25:00,0.8,0.0,4.042078696473597,298.15
2024-05-29 04:26:00,0.8,0.0,4.042078696473599,298.15
2024-05-29 04:27:00,0.8,0.0,4.042078696473599,298.15
2024-05-29 04:28:00,0.8,0.0,4.042078696473599,298.15
2024-05-29 04:29:00,0.8,0.0,4.042078696473599,298.15
2024-05-29 04:30:00,0.8,0.0,4.042078696473599,298.15
2024-05-29 04:31:00,0.8,0.0,4.042078696473595,298.15
2024-05-29 04:32:00,0.8,0.0,4.042078696473595,298.15
2024-05-29 04:33:00,0.8,0.0,4.042078696473595,298.15
2024-05-29 04:34:00,0.8,0.0,4.042078696473595,298.15
2024-05-29 04:35:00,0.8,0.0,4.042078696473595,298.15
2024-05-29 04:36:00,0.8,0.0,4.042078696473595,298.15
2024-05-29 04:37:00,0.8,0.0,4.042078696473595,298.15
2024-05-29 04:38:00,0.8,0.0,4.042078696473595,298.15
2024-05-29 04:39:00,0.8,0.0,4.042078696473595,298.15
2024-05-29 04:40:00,0.8,0.0,4.042078696473595,298.15
2024-05-29 04:41:00,0.8,0.0,4.042078696473599,298.15
2024-05-29 04:42:00,0.8,0.0,4.042078696473599,298.15
2024-05-29 04:43:00,0.8,0.0,4.042078696473599,298.15
2024-05-29 04:44:00,0.8,0.0,4.042078696473599,298.15
2024-05-29 04:45:00,0.8,0.0,4.042078696473599,298.15
2024-05-29 04:46:00,0.8,0.0,4.042078696473599,298.15
2024-05-29 04:47:00,0.8,0.0,4.042078696473599,298.15
2024-05-29 04:48:00,0.8,0.0,4.042078696473599,298.15
2024-05-29 04:49:00,0.8,0.0,4.042078696473599,298.15
2024-05-29 04:50:00,0.8,0.0,4.042078696473595,298.15
2024-05-29 04:51:00,0.8,0.0,4.0420786964735935,298.15
2024-05-29 04:52:00,0.8,0.0,4.0420786964735935,298.15
2024-05-29 04:53:00,0.8,0.0,4.0420786964735935,298.15
2024-05-29 04:54:00,0.8,0.0,4.042078696473595,298.15
2024-05-29 04:55:00,0.8,0.0,4.0420786964735935,298.15
2024-05-29 04:56:00,0.8,0.0,4.0420786964735935,298.15
2024-05-29 04:57:00,0.8,0.0,4.0420786964735935,298.15
2024-05-29 04:58:00,0.8,0.0,4.0420786964735935,298.15
2024-05-29 04:59:00,0.8,0.0,4.0420786964735935,298.15
2024-05-29 05:00:00,0.8,0.0,4.0420786964735935,298.15
2024-05-29 05:01:00,0.8,0.0,4.0420786964735935,298.15
2024-05-29 05:02:00,0.8,0.0,4.0420786964735935,298.15
2024-05-29 05:03:00,0.8,0.0,4.0420786964735935,298.15
2024-05-29 05:04:00,0.8,0.0,4.042078696473595,298.15
2024-05-29 05:05:00,0.8,0.0,4.042078696473595,298.15
2024-05-29 05:06:00,0.8,0.0,4.042078696473595,298.15
2024-05-29 05:07:00,0.8,0.0,4.0420786964735935,298.15
2024-05-29 05:08:00,0.8,0.0,4.042078696473592,298.15
2024-05-29 05:09:00,0.8,0.0,4.042078696473595,298.15
2024-05-29 05:10:00,0.8,0.0,4.042078696473595,298.15
2024-05-29 05:11:00,0.8,0.0,4.042078696473595,298.15
2024-05-29 05:12:00,0.8,0.0,4.042078696473595,298.15
2024-05-29 05:13:00,0.8,0.0,4.042078696473595,298.15
2024-05-29 05:14:00,0.8,0.0,4.042078696473595,298.15
2024-05-29 05:15:00,0.8,0.0,4.0420786964735935,298.15
2024-05-29 05:16:00,0.8,0.0,4.042078696473592,298.15
2024-05-29 05:17:00,0.8,0.0,4.042078696473595,298.15
2024-05-29 05:18:00,0.8,0.0,4.042078696473595,298.15
2024-05-29 05:19:00,0.8,0.0,4.042078696473595,298.15
2024-05-29 05:20:00,0.8,0.0,4.042078696473595,298.15
2024-05-29 05:21:00,0.8,0.0,4.042078696473597,298.15
2024-05-29 05:22:00,0.8,0.0,4.042078696473597,298.15
2024-05-29 05:23:00,0.8,0.0,4.042078696473595,298.15
2024-05-29 05:24:00,0.8,0.0,4.042078696473597,298.15
2024-05-29 05:25:00,0.8,0.0,4.042078696473597,298.15
2024-05-29 05:26:00,0.8,0.0,4.042078696473597,298.15
2024-05-29 05:27:00,0.8,0.0,4.042078696473597,298.15
2024-05-29 05:28:00,0.8,0.0,4.042078696473597,298.15
2024-05-29 05:29:00,0.8,0.0,4.042078696473597,298.15
2024-05-29 05:30:00,0.8,0.0,4.042078696473597,298.15
2024-05-29 05:31:00,0.8,0.0,4.042078696473601,298.15
2024-05-29 05:32:00,0.8,0.0,4.042078696473595,298.15
2024-05-29 05:33:00,0.8,0.0,4.042078696473599,298.15
2024-05-29 05:34:00,0.8,0.0,4.042078696473595,298.15
2024-05-29 05:35:00,0.8,0.0,4.042078696473597,298.15
2024-05-29 05:36:00,0.8,0.0,4.042078696473599,298.15
2024-05-29 05:37:00,0.8,0.0,4.042078696473599,298.15
2024-05-29 05:38:00,0.8,0.0,4.042078696473597,298.15
2024-05-29 05:39:00,0.8,0.0,4.042078696473597,298.15
2024-05-29 05:40:00,0.8,0.0,4.042078696473597,298.15
2024-05-29 05:41:00,0.8,0.0,4.042078696473597,298.15
2024-05-29 05:42:00,0.8,0.0,4.042078696473597,298.15
2024-05-29 05:43:00,0.8,0.0,4.042078696473597,298.15
2024-05-29 05:44:00,0.8,0.0,4.042078696473597,298.15
2024-05-29 05:45:00,0.8,0.0,4.042078696473601,298.15
2024-05-29 05:46:00,0.8,0.0,4.042078696473601,298.15
2024-05-29 05:47:00,0.8,0.0,4.042078696473601,298.15
2024-05-29 05:48:00,0.8,0.0,4.042078696473599,298.15
2024-05-29 05:49:00,0.8,0.0,4.042078696473599,298.15
2024-05-29 05:50:00,0.8,0.0,4.042078696473601,298.15
2024-05-29 05:51:00,0.8,0.0,4.042078696473599,298.15
2024-05-29 05:52:00,0.8,0.0,4.042078696473601,298.15
2024-05-29 05:53:00,0.8,0.0,4.042078696473599,298.15
2024-05-29 05:54:00,0.8,0.0,4.042078696473602,298.15
2024-05-29 05:55:00,0.8,0.0,4.042078696473601,298.15
2024-05-29 05:56:00,0.8,0.0,4.042078696473602,298.15
2024-05-29 05:57:00,0.8,0.0,4.042078696473602,298.15
2024-05-29 05:58:00,0.8,0.0,4.042078696473602,298.15
2024-05-29 05:59:00,0.8,0.0,4.042078696473602,298.15
2024-05-29 06:00:00,0.8,0.0,4.042078696473602,298.15
2024-05-29 06:01:00,0.8,0.0,4.042078696473601,298.15
2024-05-29 06:02:00,0.8,0.0,4.042078696473601,298.15
2024-05-29 06:03:00,0.8,0.0,4.042078696473601,298.15
2024-05-29 06:04:00,0.8,0.0,4.042078696473604,298.15
2024-05-29 06:05:00,0.8,0.0,4.042078696473604,298.15
2024-05-29 06:06:00,0.8,0.0,4.042078696473604,298.15
2024-05-29 06:07:00,0.8,0.0,4.042078696473606,298.15
2024-05-29 06:08:00,0.8,0.0,4.042078696473602,298.15
2024-05-29 06:09:00,0.8,0.0,4.042078696473604,298.15
2024-05-29 06:10:00,0.8,0.0,4.042078696473606,298.15
2024-05-29 06:11:00,0.8,0.0,4.042078696473604,298.15
2024-05-29 06:12:00,0.8,0.0,4.042078696473599,298.15
2024-05-29 06:13:00,0.8,0.0,4.042078696473599,298.15
2024-05-29 06:14:00,0.8,0.0,4.042078696473597,298.15
2024-05-29 06:15:00,0.8,0.0,4.042078696473599,298.15
2024-05-29 06:16:00,0.8,0.0,4.042078696473599,298.15
2024-05-29 06:17:00,0.8,0.0,4.042078696473599,298.15
2024-05-29 06:18:00,0.8,0.0,4.042078696473599,298.15
2024-05-29 06:19:00,0.8,0.0,4.042078696473599,298.15
2024-05-29 06:20:00,0.8,0.0,4.042078696473597,298.15
2024-05-29 06:21:00,0.8,0.0,4.042078696473597,298.15
2024-05-29 06:22:00,0.8,0.0,4.042078696473599,298.15
2024-05-29 06:23:00,0.8,0.0,4.042078696473597,298.15
2024-05-29 06:24:00,0.8,0.0,4.042078696473597,298.15
2024-05-29 06:25:00,0.8,0.0,4.042078696473597,298.15
2024-05-29 06:26:00,0.8,0.0,4.042078696473599,298.15
2024-05-29 06:27:00,0.8,0.0,4.042078696473599,298.15
2024-05-29 06:28:00,0.8,0.0,4.042078696473599,298.15
2024-05-29 06:29:00,0.8,0.0,4.042078696473599,298.15
2024-05-29 06:30:00,0.8,0.0,4.042078696473601,298.15
2024-05-29 06:31:00,0.8,0.0,4.042078696473599,298.15
2024-05-29 06:32:00,0.8,0.0,4.042078696473601,298.15
2024-05-29 06:33:00,0.8,0.0,4.042078696473599,298.15
2024-05-29 06:34:00,0.8,0.0,4.042078696473599,298.15
2024-05-29 06:35:00,0.8,0.0,4.042078696473601,298.15
2024-05-29 06:36:00,0.8,0.0,4.042078696473601,298.15
2024-05-29 06:37:00,0.8,0.0,4.042078696473601,298.15
2024-05-29 06:38:00,0.8,0.0,4.042078696473599,298.15
2024-05-29 06:39:00,0.8,0.0,4.042078696473599,298.15
2024-05-29 06:40:00,0.8,0.0,4.042078696473601,298.15
2024-05-29 06:41:00,0.8,0.0,4.042078696473602,298.15
2024-05-29 06:42:00,0.8,0.0,4.042078696473602,298.15
2024-05-29 06:43:00,0.8,0.0,4.042078696473601,298.15
2024-05-29 06:44:00,0.8,0.0,4.042078696473601,298.15
2024-05-29 06:45:00,0.8,0.0,4.042078696473601,298.15
2024-05-29 06:46:00,0.8,0.0,4.042078696473601,298.15
2024-05-29 06:47:00,0.8,0.0,4.042078696473601,298.15
2024-05-29 06:48:00,0.8,0.0,4.042078696473601,298.15
2024-05-29 06:49:00,0.8,0.0,4.042078696473601,298.15
2024-05-29 06:50:00,0.8,0.0,4.042078696473601,298.15
2024-05-29 06:51:00,0.8,0.0,4.042078696473602,298.15
2024-05-29 06:52:00,0.8,0.0,4.042078696473602,298.15
2024-05-29 06:53:00,0.8,0.0,4.042078696473602,298.15
2024-05-29 06:54:00,0.8,0.0,4.042078696473602,298.15
2024-05-29 06:55:00,0.8,0.0,4.042078696473602,298.15
2024-05-29 06:56:00,0.8,0.0,4.042078696473601,298.15
2024-05-29 06:57:00,0.8,0.0,4.042078696473602,298.15
2024-05-29 06:58:00,0.8,0.0,4.042078696473601,298.15
2024-05-29 06:59:00,0.8,0.0,4.042078696473604,298.15
2024-05-29 07:00:00,0.8,0.0,4.042078696473601,298.15
2024-05-29 07:01:00,0.8,0.0,4.042078696473604,298.15
2024-05-29 07:02:00,0.8,0.0,4.042078696473604,298.15
2024-05-29 07:03:00,0.8,0.0,4.042078696473604,298.15
2024-05-29 07:04:00,0.8,0.0,4.042078696473604,298.15
2024-05-29 07:05:00,0.8,0.0,4.042078696473604,298.15
2024-05-29 07:06:00,0.8,0.0,4.042078696473604,298.15
2024-05-29 07:07:00,0.8,0.0,4.042078696473604,298.15
2024-05-29 07:08:00,0.8,0.0,4.042078696473604,298.15
2024-05-29 07:09:00,0.8,0.0,4.042078696473606,298.15
2024-05-29 07:10:00,0.8,0.0,4.042078696473606,298.15
2024-05-29 07:11:00,0.8,0.0,4.042078696473606,298.15
2024-05-29 07:12:00,0.8,0.0,4.042078696473606,298.15
2024-05-29 07:13:00,0.8,0.0,4.042078696473602,298.15
2024-05-29 07:14:00,0.8,0.0,4.042078696473602,298.15
2024-05-29 07:15:00,0.8,0.0,4.042078696473604,298.15
2024-05-29 07:16:00,0.8,0.0,4.042078696473604,298.15
2024-05-29 07:17:00,0.8,0.0,4.042078696473602,298.15
2024-05-29 07:18:00,0.8,0.0,4.042078696473602,298.15
2024-05-29 07:19:00,0.8,0.0,4.042078696473602,298.15
2024-05-29 07:20:00,0.8,0.0,4.042078696473602,298.15
2024-05-29 07:21:00,0.8,0.0,4.042078696473602,298.15
2024-05-29 07:22:00,0.8,0.0,4.042078696473602,298.15
2024-05-29 07:23:00,0.8,0.0,4.042078696473602,298.15
2024-05-29 07:24:00,0.8,0.0,4.042078696473602,298.15
2024-05-29 07:25:00,0.8,0.0,4.042078696473602,298.15
2024-05-29 07:26:00,0.8,0.0,4.042078696473606,298.15
2024-05-29 07:27:00,0.8,0.0,4.042078696473606,298.15
2024-05-29 07:28:00,0.8,0.0,4.042078696473606,298.15
2024-05-29 07:29:00,0.8,0.0,4.042078696473606,298.15
2024-05-29 07:30:00,0.8,0.0,4.042078696473604,298.15
2024-05-29 07:31:00,0.8,0.0,4.042078696473606,298.15
2024-05-29 07:32:00,0.8,0.0,4.042078696473602,298.15
2024-05-29 07:33:00,0.8,0.0,4.042078696473604,298.15
2024-05-29 07:34:00,0.8,0.0,4.042078696473604,298.15
2024-05-29 07:35:00,0.8,0.0,4.042078696473604,298.15
2024-05-29 07:36:00,0.8,0.0,4.042078696473604,298.15
2024-05-29 07:37:00,0.8,0.0,4.042078696473606,298.15
2024-05-29 07:38:00,0.8,0.0,4.042078696473604,298.15
2024-05-29 07:39:00,0.8,0.0,4.042078696473606,298.15
2024-05-29 07:40:00,0.8,0.0,4.042078696473604,298.15
2024-05-29 07:41:00,0.8,0.0,4.042078696473604,298.15
2024-05-29 07:42:00,0.8,0.0,4.042078696473606,298.15
2024-05-29 07:43:00,0.8,0.0,4.042078696473606,298.15
2024-05-29 07:44:00,0.8,0.0,4.042078696473604,298.15
2024-05-29 07:45:00,0.8,0.0,4.042078696473604,298.15
2024-05-29 07:46:00,0.8,0.0,4.042078696473606,298.15
2024-05-29 07:47:00,0.8,0.0,4.042078696473604,298.15
2024-05-29 07:48:00,0.8,0.0,4.042078696473608,298.15
2024-05-29 07:49:00,0.8,0.0,4.042078696473606,298.15
2024-05-29 07:50:00,0.8,0.0,4.042078696473606,298.15
2024-05-29 07:51:00,0.8,0.0,4.042078696473606,298.15
2024-05-29 07:52:00,0.8,0.0,4.042078696473606,298.15
2024-05-29 07:53:00,0.8,0.0,4.042078696473606,298.15
2024-05-29 07:54:00,0.8,0.0,4.042078696473608,298.15
2024-05-29 07:55:00,0.8,0.0,4.042078696473606,298.15
2024-05-29 07:56:00,0.8,0.0,4.042078696473606,298.15
2024-05-29 07:57:00,0.8,0.0,4.0420786964736095,298.15
2024-05-29 07:58:00,0.8,0.0,4.042078696473606,298.15
2024-05-29 07:59:00,0.8,0.0,4.042078696473606,298.15
2024-05-29 08:00:00,0.8,0.0,4.0420786964736095,298.15
2024-05-29 08:01:00,0.8,0.0,4.0420786964736095,298.15
2024-05-29 08:02:00,0.8,0.0,4.0420786964736095,298.15
2024-05-29 08:03:00,0.8,0.0,4.042078696473606,298.15
2024-05-29 08:04:00,0.8,0.0,4.0420786964736095,298.15
2024-05-29 08:05:00,0.8,0.0,4.0420786964736095,298.15
2024-05-29 08:06:00,0.8,0.0,4.0420786964736095,298.15
2024-05-29 08:07:00,0.8,0.0,4.0420786964736095,298.15
2024-05-29 08:08:00,0.8,0.0,4.042078696473606,298.15
2024-05-29 08:09:00,0.8,0.0,4.042078696473606,298.15
2024-05-29 08:10:00,0.8,0.0,4.042078696473608,298.15
2024-05-29 08:11:00,0.8,0.0,4.042078696473606,298.15
2024-05-29 08:12:00,0.8,0.0,4.042078696473604,298.15
2024-05-29 08:13:00,0.8,0.0,4.042078696473604,298.15
2024-05-29 08:14:00,0.8,0.0,4.042078696473604,298.15
2024-05-29 08:15:00,0.8,0.0,4.042078696473604,298.15
2024-05-29 08:16:00,0.8,0.0,4.042078696473604,298.15
2024-05-29 08:17:00,0.8,0.0,4.042078696473602,298.15
2024-05-29 08:18:00,0.8,0.0,4.042078696473602,298.15
2024-05-29 08:19:00,0.8,0.0,4.042078696473602,298.15
2024-05-29 08:20:00,0.8,0.0,4.042078696473604,298.15
2024-05-29 08:21:00,0.8,0.0,4.042078696473604,298.15
2024-05-29 08:22:00,0.8,0.0,4.042078696473604,298.15
2024-05-29 08:23:00,0.8,0.0,4.042078696473606,298.15
2024-05-29 08:24:00,0.8,0.0,4.042078696473608,298.15
2024-05-29 08:25:00,0.8,0.0,4.042078696473606,298.15
2024-05-29 08:26:00,0.8,0.0,4.042078696473604,298.15
2024-05-29 08:27:00,0.8,0.0,4.042078696473604,298.15
2024-05-29 08:28:00,0.8,0.0,4.042078696473604,298.15
2024-05-29 08:29:00,0.8,0.0,4.042078696473604,298.15
2024-05-29 08:30:00,0.8,0.0,4.042078696473604,298.15
2024-05-29 08:31:00,0.8,0.0,4.042078696473604,298.15
2024-05-29 08:32:00,0.8,0.0,4.042078696473604,298.15
2024-05-29 08:33:00,0.8,0.0,4.042078696473604,298.15
2024-05-29 08:34:00,0.8,0.0,4.042078696473604,298.15
2024-05-29 08:35:00,0.8,0.0,4.042078696473604,298.15
2024-05-29 08:36:00,0.8,0.0,4.042078696473604,298.15
2024-05-29 08:37:00,0.8,0.0,4.042078696473604,298.15
2024-05-29 08:38:00,0.8,0.0,4.042078696473604,298.15
2024-05-29 08:39:00,0.8,0.0,4.042078696473604,298.15
2024-05-29 08:40:00,0.8,0.0,4.042078696473608,298.15
2024-05-29 08:41:00,0.8,0.0,4.042078696473604,298.15
2024-05-29 08:42:00,0.8,0.0,4.042078696473604,298.15
2024-05-29 08:43:00,0.8,0.0,4.042078696473608,298.15
2024-05-29 08:44:00,0.8,0.0,4.042078696473608,298.15
2024-05-29 08:45:00,0.8,0.0,4.042078696473608,298.15
2024-05-29 08:46:00,0.8,0.0,4.042078696473608,298.15
2024-05-29 08:47:00,0.8,0.0,4.042078696473608,298.15
2024-05-29 08:48:00,0.8,0.0,4.042078696473608,298.15
2024-05-29 08:49:00,0.8,0.0,4.042078696473606,298.15
2024-05-29 08:50:00,0.8,0.0,4.042078696473611,298.15
2024-05-29 08:51:00,0.8,0.0,4.042078696473606,298.15
2024-05-29 08:52:00,0.8,0.0,4.042078696473611,298.15
2024-05-29 08:53:00,0.8,0.0,4.0420786964736095,298.15
2024-05-29 08:54:00,0.8,0.0,4.042078696473611,298.15
2024-05-29 08:55:00,0.8,0.0,4.042078696473608,298.15
2024-05-29 08:56:00,0.8,0.0,4.042078696473608,298.15
2024-05-29 08:57:00,0.8,0.0,4.0420786964736095,298.15
2024-05-29 08:58:00,0.8,0.0,4.0420786964736095,298.15
2024-05-29 08:59:00,0.8,0.0,4.042078696473611,298.15
2024-05-29 09:00:00,0.8,0.0,4.042078696473611,298.15
2024-05-29 09:01:00,0.8,0.0,4.042078696473611,298.15
2024-05-29 09:02:00,0.8,0.0,4.042078696473617,298.15
2024-05-29 09:03:00,0.8,0.0,4.042078696473617,298.15
2024-05-29 09:04:00,0.8,0.0,4.042078696473617,298.15
2024-05-29 09:05:00,0.8,0.0,4.042078696473617,298.15
2024-05-29 09:06:00,0.8,0.0,4.042078696473615,298.15
2024-05-29 09:07:00,0.8,0.0,4.042078696473617,298.15
2024-05-29 09:08:00,0.8,0.0,4.042078696473617,298.15
2024-05-29 09:09:00,0.8,0.0,4.042078696473615,298.15
2024-05-29 09:10:00,0.8,0.0,4.04207869647362,298.15
2024-05-29 09:11:00,0.8,0.0,4.042078696473618,298.15
2024-05-29 09:12:00,0.8,0.0,4.042078696473618,298.15
2024-05-29 09:13:00,0.8,0.0,4.042078696473618,298.15
2024-05-29 09:14:00,0.8,0.0,4.042078696473618,298.15
2024-05-29 09:15:00,0.8,0.0,4.042078696473618,298.15
2024-05-29 09:16:00,0.8,0.0,4.042078696473618,298.15
2024-05-29 09:17:00,0.8,0.0,4.04207869647362,298.15
2024-05-29 09:18:00,0.8,0.0,4.04207869647362,298.15
2024-05-29 09:19:00,0.8,0.0,4.04207869647362,298.15
2024-05-29 09:20:00,0.8,0.0,4.04207869647362,298.15
2024-05-29 09:21:00,0.8,0.0,4.042078696473618,298.15
2024-05-29 09:22:00,0.8,0.0,4.042078696473618,298.15
2024-05-29 09:23:00,0.8,0.0,4.04207869647362,298.15
2024-05-29 09:24:00,0.8,0.0,4.04207869647362,298.15
2024-05-29 09:25:00,0.8,0.0,4.042078696473622,298.15
2024-05-29 09:26:00,0.8,0.0,4.042078696473613,298.15
2024-05-29 09:27:00,0.8,0.0,4.042078696473613,298.15
2024-05-29 09:28:00,0.8,0.0,4.042078696473613,298.15
2024-05-29 09:29:00,0.8,0.0,4.042078696473615,298.15
2024-05-29 09:30:00,0.8,0.0,4.042078696473615,298.15
2024-05-29 09:31:00,0.8,0.0,4.042078696473615,298.15
2024-05-29 09:32:00,0.8,0.0,4.042078696473613,298.15
2024-05-29 09:33:00,0.8,0.0,4.042078696473613,298.15
2024-05-29 09:34:00,0.8,0.0,4.042078696473618,298.15
2024-05-29 09:35:00,0.8,0.0,4.042078696473618,298.15
2024-05-29 09:36:00,0.8,0.0,4.04207869647362,298.15
2024-05-29 09:37:00,0.8,0.0,4.042078696473618,298.15
2024-05-29 09:38:00,0.8,0.0,4.042078696473622,298.15
2024-05-29 09:39:00,0.8,0.0,4.042078696473613,298.15
2024-05-29 09:40:00,0.8,0.0,4.042078696473613,298.15
2024-05-29 09:41:00,0.8,0.0,4.042078696473613,298.15
2024-05-29 09:42:00,0.8,0.0,4.042078696473615,298.15
2024-05-29 09:43:00,0.8,0.0,4.042078696473615,298.15
2024-05-29 09:44:00,0.8,0.0,4.042078696473617,298.15
2024-05-29 09:45:00,0.8,0.0,4.042078696473615,298.15
2024-05-29 09:46:00,0.8,0.0,4.042078696473613,298.15
2024-05-29 09:47:00,0.8,0.0,4.042078696473615,298.15
2024-05-29 09:48:00,0.8,0.0,4.042078696473613,298.15
2024-05-29 09:49:00,0.8,0.0,4.042078696473613,298.15
2024-05-29 09:50:00,0.8,0.0,4.042078696473622,298.15
2024-05-29 09:51:00,0.8,0.0,4.042078696473622,298.15
2024-05-29 09:52:00,0.8,0.0,4.042078696473622,298.15
2024-05-29 09:53:00,0.8,0.0,4.042078696473613,298.15
2024-05-29 09:54:00,0.8,0.0,4.042078696473615,298.15
2024-05-29 09:55:00,0.8,0.0,4.042078696473615,298.15
2024-05-29 09:56:00,0.8,0.0,4.042078696473615,298.15
2024-05-29 09:57:00,0.8,0.0,4.042078696473617,298.15
2024-05-29 09:58:00,0.8,0.0,4.042078696473617,298.15
2024-05-29 09:59:00,0.8,0.0,4.042078696473617,298.15
2024-05-29 10:00:00,0.8,0.0,4.042078696473617,298.15
2024-05-29 10:01:00,0.8,0.0,4.042078696473618,298.15
2024-05-29 10:02:00,0.8,0.0,4.042078696473618,298.15
2024-05-29 10:03:00,0.8,0.0,4.042078696473618,298.15
2024-05-29 10:04:00,0.8,0.0,4.042078696473617,298.15
2024-05-29 10:05:00,0.8,0.0,4.042078696473617,298.15
2024-05-29 10:06:00,0.8,0.0,4.042078696473617,298.15
2024-05-29 10:07:00,0.8,0.0,4.042078696473615,298.15
2024-05-29 10:08:00,0.8,0.0,4.042078696473613,298.15
2024-05-29 10:09:00,0.8,0.0,4.042078696473615,298.15
2024-05-29 10:10:00,0.8,0.0,4.042078696473617,298.15
2024-05-29 10:11:00,0.8,0.0,4.042078696473617,298.15
2024-05-29 10:12:00,0.8,0.0,4.042078696473617,298.15
2024-05-29 10:13:00,0.8,0.0,4.042078696473618,298.15
2024-05-29 10:14:00,0.8,0.0,4.042078696473617,298.15
2024-05-29 10:15:00,0.8,0.0,4.042078696473617,298.15
2024-05-29 10:16:00,0.8,0.0,4.042078696473618,298.15
2024-05-29 10:17:00,0.8,0.0,4.042078696473618,298.15
2024-05-29 10:18:00,0.8,0.0,4.042078696473618,298.15
2024-05-29 10:19:00,0.8,0.0,4.042078696473617,298.15
2024-05-29 10:20:00,0.8,0.0,4.042078696473617,298.15
2024-05-29 10:21:00,0.8,0.0,4.042078696473618,298.15
2024-05-29 10:22:00,0.8,0.0,4.042078696473618,298.15
2024-05-29 10:23:00,0.8,0.0,4.042078696473617,298.15
2024-05-29 10:24:00,0.8,0.0,4.042078696473617,298.15
2024-05-29 10:25:00,0.8,0.0,4.042078696473618,298.15
2024-05-29 10:26:00,0.8,0.0,4.04207869647362,298.15
2024-05-29 10:27:00,0.8,0.0,4.04207869647362,298.15
2024-05-29 10:28:00,0.8,0.0,4.042078696473618,298.15
2024-05-29 10:29:00,0.8,0.0,4.04207869647362,298.15
2024-05-29 10:30:00,0.8,0.0,4.042078696473618,298.15
2024-05-29 10:31:00,0.8,0.0,4.042078696473618,298.15
2024-05-29 10:32:00,0.8,0.0,4.042078696473618,298.15
2024-05-29 10:33:00,0.8,0.0,4.042078696473618,298.15
2024-05-29 10:34:00,0.8,0.0,4.042078696473618,298.15
2024-05-29 10:35:00,0.8,0.0,4.04207869647362,298.15
2024-05-29 10:36:00,0.8,0.0,4.04207869647362,298.15
2024-05-29 10:37:00,0.8,0.0,4.042078696473618,298.15
2024-05-29 10:38:00,0.8,0.0,4.042078696473618,298.15
2024-05-29 10:39:00,0.8,0.0,4.042078696473618,298.15
2024-05-29 10:40:00,0.8,0.0,4.042078696473618,298.15
2024-05-29 10:41:00,0.8,0.0,4.04207869647362,298.15
2024-05-29 10:42:00,0.8,0.0,4.04207869647362,298.15
2024-05-29 10:43:00,0.8,0.0,4.042078696473618,298.15
2024-05-29 10:44:00,0.8,0.0,4.042078696473618,298.15
2024-05-29 10:45:00,0.8,0.0,4.04207869647362,298.15
2024-05-29 10:46:00,0.8,0.0,4.04207869647362,298.15
2024-05-29 10:47:00,0.8,0.0,4.04207869647362,298.15
2024-05-29 10:48:00,0.8,0.0,4.042078696473618,298.15
2024-05-29 10:49:00,0.8,0.0,4.042078696473622,298.15
2024-05-29 10:50:00,0.8,0.0,4.042078696473622,298.15
2024-05-29 10:51:00,0.8,0.0,4.04207869647362,298.15
2024-05-29 10:52:00,0.8,0.0,4.042078696473622,298.15
2024-05-29 10:53:00,0.8,0.0,4.042078696473622,298.15
2024-05-29 10:54:00,0.8,0.0,4.042078696473622,298.15
2024-05-29 10:55:00,0.8,0.0,4.04207869647362,298.15
2024-05-29 10:56:00,0.8,0.0,4.04207869647362,298.15
2024-05-29 10:57:00,0.8,0.0,4.042078696473622,298.15
2024-05-29 10:58:00,0.8,0.0,4.04207869647362,298.15
2024-05-29 10:59:00,0.8,0.0,4.042078696473622,298.15
2024-05-29 11:00:00,0.8,0.0,4.042078696473624,298.15
2024-05-29 11:01:00,0.8,0.0,4.042078696473622,298.15
2024-05-29 11:02:00,0.8,0.0,4.042078696473624,298.15
2024-05-29 11:03:00,0.8,0.0,4.042078696473622,298.15
2024-05-29 11:04:00,0.8,0.0,4.042078696473622,298.15
2024-05-29 11:05:00,0.8,0.0,4.042078696473624,298.15
2024-05-29 11:06:00,0.8,0.0,4.042078696473624,298.15
2024-05-29 11:07:00,0.8,0.0,4.042078696473622,298.15
2024-05-29 11:08:00,0.8,0.0,4.042078696473622,298.15
2024-05-29 11:09:00,0.8,0.0,4.042078696473624,298.15
2024-05-29 11:10:00,0.7999999999997232,10.0,3.844470773586744,298.15
2024-05-29 11:11:00,0.7666666666669436,10.0,3.676451230649078,301.2322829922738
2024-05-29 11:12:00,0.7333333333336103,10.0,3.6083298789319613,304.50922564777386
2024-05-29 11:13:00,0.700000000000277,10.0,3.5514206077240122,307.6260645115129
2024-05-29 11:14:00,0.6666666666669436,10.0,3.49499226670526,310.4591197628065
2024-05-29 11:15:00,0.6333333333336102,10.0,3.4548462536833293,313.01281889668206
2024-05-29 11:16:00,0.6000000000002769,10.0,3.427895380414237,315.316123536336
2024-05-29 11:17:00,0.5666666666669435,10.0,3.4074320875148745,317.39817633964276
2024-05-29 11:18:00,0.5333333333336102,10.0,3.3897176127385427,319.28516457625335
2024-05-29 11:19:00,0.5000000000002769,10.0,3.3729304495219714,321.00016161560256
2024-05-29 11:20:00,0.49999999999999994,0.0,3.521823303510673,321.00016161560256
2024-05-29 11:21:00,0.49999999999999994,0.0,3.649423676935097,319.3516437085988
2024-05-29 11:22:00,0.49999999999999994,0.0,3.6825618817224632,317.82205762271434
2024-05-29 11:23:00,0.49999999999999994,0.0,3.6990033422787856,316.40282305384665
2024-05-29 11:24:00,0.49999999999999994,0.0,3.710281952631027,315.0859787253926
2024-05-29 11:25:00,0.49999999999999994,0.0,3.71900947921952,313.8641377188928
2024-05-29 11:26:00,0.49999999999999994,0.0,3.726011046957392,312.73044588959954
2024-05-29 11:27:00,0.49999999999999994,0.0,3.7317074258004466,311.6785437451426
2024-05-29 11:28:00,0.49999999999999994,0.0,3.7363790879427605,310.70253099696515
2024-05-29 11:29:00,0.49999999999999994,0.0,3.740233358100004,309.79693237603266
2024-05-29 11:30:00,0.49999999999999994,0.0,3.743424425656793,308.9569094724342
2024-05-29 11:31:00,0.49999999999999994,0.0,3.746080022061476,308.1770721664172
2024-05-29 11:32:00,0.49999999999999994,0.0,3.7482906131970957,307.4534445095506
2024-05-29 11:33:00,0.49999999999999994,0.0,3.750130688666226,306.7821326327962
2024-05-29 11:34:00,0.49999999999999994,0.0,3.751664237299331,306.15936980843554
2024-05-29 11:35:00,0.49999999999999994,0.0,3.752945094330814,305.5815617725704
2024-05-29 11:36:00,0.49999999999999994,0.0,3.7540156310145143,305.04544538273865
2024-05-29 11:37:00,0.49999999999999994,0.0,3.754910736012439,304.5480106170393
2024-05-29 11:38:00,0.49999999999999994,0.0,3.7556597739306494,304.08645119420794
2024-05-29 11:39:00,0.49999999999999994,0.0,3.756285885919341,303.6585436406741
2024-05-29 11:40:00,0.49999999999999994,0.0,3.756812729078162,303.26088280677607
2024-05-29 11:41:00,0.49999999999999994,0.0,3.757253719731017,302.89184798973236
2024-05-29 11:42:00,0.49999999999999994,0.0,3.757621799051029,302.54954904278674
2024-05-29 11:43:00,0.49999999999999994,0.0,3.7579288273225058,302.2320844958011
2024-05-29 11:44:00,0.49999999999999994,0.0,3.7581852035011516,301.937605553812
2024-05-29 11:45:00,0.49999999999999994,0.0,3.758399186719787,301.66443504597055
2024-05-29 11:46:00,0.49999999999999994,0.0,3.7585781378526764,301.4109900863661
2024-05-29 11:47:00,0.49999999999999994,0.0,3.758728562360102,301.175767615927
2024-05-29 11:48:00,0.49999999999999994,0.0,3.7588529614449504,300.9590077964539
2024-05-29 11:49:00,0.49999999999999994,0.0,3.7589589149117937,300.75657003866917
2024-05-29 11:50:00,0.49999999999999994,0.0,3.7590488518893155,300.56814011795774
2024-05-29 11:51:00,0.49999999999999994,0.0,3.7591240734935205,300.3932432771184
2024-05-29 11:52:00,0.49999999999999994,0.0,3.759187186044106,300.2308485035303
2024-05-29 11:53:00,0.49999999999999994,0.0,3.759240113540125,300.0800492150333
2024-05-29 11:54:00,0.49999999999999994,0.0,3.75928396588493,299.940297129266
2024-05-29 11:55:00,0.49999999999999994,0.0,3.7593205639299914,299.8106410252908
2024-05-29 11:56:00,0.49999999999999994,0.0,3.7593506913672066,299.69059809093375
2024-05-29 11:57:00,0.49999999999999994,0.0,3.759374643939549,299.581303935906
2024-05-29 11:58:00,0.49999999999999994,0.0,3.759395371271827,299.47862589767306
2024-05-29 11:59:00,0.49999999999999994,0.0,3.7594129621034797,299.3828800298956
2024-05-29 12:00:00,0.49999999999999994,0.0,3.759427805830015,299.2938176117405
2024-05-29 12:01:00,0.49999999999999994,0.0,3.759440518619149,299.210820774059
2024-05-29 12:02:00,0.49999999999999994,0.0,3.759450967328122,299.13398194266716
2024-05-29 12:03:00,0.49999999999999994,0.0,3.75945991471529,299.062382690928
2024-05-29 12:04:00,0.49999999999999994,0.0,3.759467112643547,298.9963164922755
2024-05-29 12:05:00,0.49999999999999994,0.0,3.759473001333812,298.93518680117097
2024-05-29 12:06:00,0.49999999999999994,0.0,3.759477622971377,298.88002759427764
2024-05-29 12:07:00,0.49999999999999994,0.0,3.7594816289096396,298.82816760127446
2024-05-29 12:08:00,0.49999999999999994,0.0,3.7594850981678514,298.77953848622553
2024-05-29 12:09:00,0.49999999999999994,0.0,3.7594880260238375,298.73420047874913
2024-05-29 12:10:00,0.49999999999999994,0.0,3.759490530855608,298.6919321703765
2024-05-29 12:11:00,0.49999999999999994,0.0,3.75949260595893,298.6527108690564
2024-05-29 12:12:00,0.49999999999999994,0.0,3.7594944645982187,298.61587440129426
2024-05-29 12:13:00,0.49999999999999994,0.0,3.7594959905253296,298.58177907767623
2024-05-29 12:14:00,0.49999999999999994,0.0,3.7594971837399584,298.5504248982025
2024-05-29 12:15:00,0.49999999999999994,0.0,3.7594980654207895,298.52243644879525
2024-05-29 12:16:00,0.49999999999999994,0.0,3.7594988268796063,298.49618597533265
2024-05-29 12:17:00,0.49999999999999994,0.0,3.759499494675146,298.4713983584859
2024-05-29 12:18:00,0.49999999999999994,0.0,3.759500064335624,298.4483106339223
2024-05-29 12:19:00,0.49999999999999994,0.0,3.759500540409559,298.426792338069
2024-05-29 12:20:00,0.49999999999999994,0.0,3.7595009388186957,298.4067979144317
2024-05-29 12:21:00,0.49999999999999994,0.0,3.7595009388186957,298.4067979144317
2024-05-29 12:22:00,0.49999999999999994,0.0,3.759501247158071,298.38873232979955
2024-05-29 12:23:00,0.49999999999999994,0.0,3.7595015122423003,298.37183568010283
2024-05-29 12:24:00,0.49999999999999994,0.0,3.759501745841801,298.3558098412473
2024-05-29 12:25:00,0.49999999999999994,0.0,3.759501946900186,298.34089950459406
2024-05-29 12:26:00,0.49999999999999994,0.0,3.7595021159069804,298.326991278433
2024-05-29 12:27:00,0.49999999999999994,0.0,3.7595022622731493,298.3139831757199
2024-05-29 12:28:00,0.49999999999999994,0.0,3.7595023901719173,298.30182997090674
2024-05-29 12:29:00,0.49999999999999994,0.0,3.7595024940975303,298.2905913301901
2024-05-29 12:30:00,0.49999999999999994,0.0,3.759502574049983,298.2802672535702
2024-05-29 12:31:00,0.49999999999999994,0.0,3.759502631755602,298.2711131248328
2024-05-29 12:32:00,0.49999999999999994,0.0,3.7595026813281756,298.2625559151701
2024-05-29 12:33:00,0.49999999999999994,0.0,3.7595027250572937,298.25443007967624
2024-05-29 12:34:00,0.49999999999999994,0.0,3.7595027628047513,298.2468699794144
2024-05-29 12:35:00,0.49999999999999994,0.0,3.7595027946334723,298.23981443754707
2024-05-29 12:36:00,0.49999999999999994,0.0,3.75950282175371,298.2332292438015
2024-05-29 12:37:00,0.49999999999999994,0.0,3.759502845917341,298.2270648771905
2024-05-29 12:38:00,0.49999999999999994,0.0,3.759502865769919,298.2213596245966
2024-05-29 12:39:00,0.49999999999999994,0.0,3.7595028813114255,298.2161134860197
2024-05-29 12:40:00,0.49999999999999994,0.0,3.7595028909023087,298.2117126303435
2024-05-29 12:41:00,0.49999999999999994,0.0,3.759502899288166,298.2075625925
2024-05-29 12:42:00,0.49999999999999994,0.0,3.7595029068519263,298.20361895610057
2024-05-29 12:43:00,0.49999999999999994,0.0,3.759502912763198,298.2000902101877
2024-05-29 12:44:00,0.49999999999999994,0.0,3.759502918668676,298.1965632201633
2024-05-29 12:45:00,0.49999999999999994,0.0,3.7595029235736344,298.1933392390874
2024-05-29 12:46:00,0.49999999999999994,0.0,3.7595029279783128,298.1902667669619
2024-05-29 12:47:00,0.49999999999999994,0.0,3.7595029318827207,298.1873458037867
2024-05-29 12:48:00,0.49999999999999994,0.0,3.7595029318827207,298.1873458037867
2024-05-29 12:49:00,0.49999999999999994,0.0,3.759502934405908,298.18494846116414
2024-05-29 12:50:00,0.49999999999999994,0.0,3.75950293652413,298.1827295379883
2024-05-29 12:51:00,0.49999999999999994,0.0,3.7595029386423575,298.18051061481253
2024-05-29 12:52:00,0.49999999999999994,0.0,3.7595029403492144,298.1785203200878
2024-05-29 12:53:00,0.49999999999999994,0.0,3.7595029417097097,298.17672252225594
2024-05-29 12:54:00,0.49999999999999994,0.0,3.7595029430702054,298.1749247244241
2024-05-29 12:55:00,0.49999999999999994,0.0,3.7595029443535766,298.1731762060552
2024-05-29 12:56:00,0.49999999999999994,0.0,3.759502945444425,298.17155069080036
2024-05-29 12:57:00,0.49999999999999994,0.0,3.759502946409482,298.1700055467147
2024-05-29 12:58:00,0.49999999999999994,0.0,3.759502947047126,298.1687361904539
2024-05-29 12:59:00,0.49999999999999994,0.0,3.7595029475737864,298.1675701784035
2024-05-29 13:00:00,0.49999999999999994,0.0,3.7595029481004434,298.1664041663531
2024-05-29 13:01:00,0.49999999999999994,0.0,3.7595029485821336,298.1652918682371
2024-05-29 13:02:00,0.49999999999999994,0.0,3.7595029489084593,298.164365137038
2024-05-29 13:03:00,0.49999999999999994,0.0,3.759502949234788,298.1634384058388
2024-05-29 13:04:00,0.49999999999999994,0.0,3.7595029495611136,298.1625116746396
2024-05-29 13:05:00,0.49999999999999994,0.0,3.7595029498546206,298.1616285991153
2024-05-29 13:06:00,0.49999999999999994,0.0,3.759502950110787,298.1607951869635
2024-05-29 13:07:00,0.49999999999999994,0.0,3.7595029502805186,298.16011023001874
2024-05-29 13:08:00,0.49999999999999994,0.0,3.7595029504207043,298.1594810386117
2024-05-29 13:09:00,0.49999999999999994,0.0,3.759502950560888,298.1588518472047
2024-05-29 13:10:00,0.49999999999999994,0.0,3.7595029506921205,298.1582429030805
2024-05-29 13:11:00,0.49999999999999994,0.0,3.759502950792405,298.1577039077678
2024-05-29 13:12:00,0.49999999999999994,0.0,3.7595029508926934,298.157164912455
2024-05-29 13:13:00,0.49999999999972305,10.0,3.568580974476555,298.157164912455
2024-05-29 13:14:00,0.46500000000027686,10.0,3.4026840988626805,301.35412719809744
2024-05-29 13:15:00,0.4300000000002768,10.0,3.346103832599719,304.7979530959742
2024-05-29 13:16:00,0.3950000000002768,10.0,3.314013766320083,308.08136049536046
2024-05-29 13:17:00,0.3600000000002768,10.0,3.2838808810726383,311.0794230954407
2024-05-29 13:18:00,0.32500000000027685,10.0,3.2487585997606176,313.8022524894366
2024-05-29 13:19:00,0.2900000000002768,10.0,3.210298466813649,316.2826844227357
2024-05-29 13:20:00,0.2550000000002768,10.0,3.174518696201487,318.55390851160297
2024-05-29 13:21:00,0.2200000000002768,10.0,3.1433915636387746,320.6472380456889
2024-05-29 13:22:00,0.18500000000027678,10.0,3.1095640083149165,322.5928757840691
2024-05-29 13:23:00,0.1500000000002768,10.0,3.047359330579723,324.42149452280404
2024-05-29 13:24:00,0.1499999999999999,0.0,3.2177623162061177,324.42149452280404
2024-05-29 13:25:00,0.1499999999999999,0.0,3.3792292988383834,322.56612132320214
2024-05-29 13:26:00,0.1499999999999999,0.0,3.410517113091835,320.8417802491074
2024-05-29 13:27:00,0.1499999999999999,0.0,3.423220689893886,319.2392174491846
2024-05-29 13:28:00,0.1499999999999999,0.0,3.4306563497562843,317.7498325301751
2024-05-29 13:29:00,0.1499999999999999,0.0,3.4359395811333098,316.36563245583784
2024-05-29 13:30:00,0.1499999999999999,0.0,3.4399874337617504,315.0791887769983
2024-05-29 13:31:00,0.1499999999999999,0.0,3.4431951881168232,313.88359775772113
2024-05-29 13:32:00,0.1499999999999999,0.0,3.445786450939393,312.772443020218
2024-05-29 13:33:00,0.1499999999999999,0.0,3.4479036046130194,311.739761477628
2024-05-29 13:34:00,0.1499999999999999,0.0,3.4496489804513484,310.78001105553767
2024-05-29 13:35:00,0.1499999999999999,0.0,3.451095431482753,309.8882330443533
2024-05-29 13:36:00,0.1499999999999999,0.0,3.4523009695451585,309.0589785188617
2024-05-29 13:37:00,0.1499999999999999,0.0,3.4533063785540365,308.2882595317749
2024-05-29 13:38:00,0.1499999999999999,0.0,3.454146189651609,307.57199974128423
2024-05-29 13:39:00,0.1499999999999999,0.0,3.454847590966185,306.9065272313365
2024-05-29 13:40:00,0.1499999999999999,0.0,3.455434890061268,306.2881361867387
2024-05-29 13:41:00,0.1499999999999999,0.0,3.455927393847172,305.71343498647315
2024-05-29 13:42:00,0.1499999999999999,0.0,3.4563407186511146,305.1793214361921
2024-05-29 13:43:00,0.1499999999999999,0.0,3.4566876854850292,304.6829305451866
2024-05-29 13:44:00,0.1499999999999999,0.0,3.456979137506392,304.22158795558016
2024-05-29 13:45:00,0.1499999999999999,0.0,3.4572236024590772,303.7933174399597
2024-05-29 13:46:00,0.1499999999999999,0.0,3.4574301682247506,303.3945682186872
2024-05-29 13:47:00,0.1499999999999999,0.0,3.45760396337273,303.0238308027392
2024-05-29 13:48:00,0.1499999999999999,0.0,3.4577498271273077,302.6792883974863
2024-05-29 13:49:00,0.1499999999999999,0.0,3.4578719401417395,302.3592243777421
2024-05-29 13:50:00,0.1499999999999999,0.0,3.4579741790285787,302.0618989792625
2024-05-29 13:51:00,0.1499999999999999,0.0,3.458059842825741,301.78565938226905
2024-05-29 13:52:00,0.1499999999999999,0.0,3.4581313784571317,301.52904746556624
2024-05-29 13:53:00,0.1499999999999999,0.0,3.4581917151854396,301.29050929831607
2024-05-29 13:54:00,0.1499999999999999,0.0,3.4582425759318025,301.06879041080055
2024-05-29 13:55:00,0.1499999999999999,0.0,3.4582425759318025,301.06879041080055
2024-05-29 13:56:00,0.1499999999999999,0.0,3.4582845535733076,300.8652090399745
2024-05-29 13:57:00,0.1499999999999999,0.0,3.458320589254524,300.67449955777084
2024-05-29 13:58:00,0.1499999999999999,0.0,3.458351225076095,300.4966355643103
2024-05-29 13:59:00,0.1499999999999999,0.0,3.4583771687142746,300.33102548549016
2024-05-29 14:00:00,0.1499999999999999,0.0,3.4583990686291113,300.176886368762
2024-05-29 14:01:00,0.1499999999999999,0.0,3.4584173250353083,300.03374277206984
2024-05-29 14:02:00,0.1499999999999999,0.0,3.4584327631365324,299.9005012902909
2024-05-29 14:03:00,0.1499999999999999,0.0,3.4584456438768565,299.7767190390276
2024-05-29 14:04:00,0.1499999999999999,0.0,3.4584563387795138,299.66183343617234
2024-05-29 14:05:00,0.1499999999999999,0.0,3.4584652261152096,299.55515529728007
2024-05-29 14:06:00,0.1499999999999999,0.0,3.4584722662111815,299.45821853520914
2024-05-29 14:07:00,0.1499999999999999,0.0,3.4584783963115675,299.36689306520054
2024-05-29 14:08:00,0.1499999999999999,0.0,3.458483641337197,299.281526933657
2024-05-29 14:09:00,0.1499999999999999,0.0,3.4584881090162263,299.20181681356587
2024-05-29 14:10:00,0.1499999999999999,0.0,3.458491898148352,299.1275255158633
2024-05-29 14:11:00,0.1499999999999999,0.0,3.4584951625014577,299.05815310076974
2024-05-29 14:12:00,0.1574999988079071,3.6157712936401367,5.146188088986279,298.5786437988281
2024-05-29 14:13:00,0.18416666984558105,3.668149471282959,4.736389062389297,299.2201843261719
2024-05-29 14:14:00,0.21583333611488342,3.8329033851623535,4.10887839207033,301.1884765625
2024-05-29 14:15:00,0.22583332657814026,3.872499942779541,4.094629288042707,303.18865966796875
2024-05-29 14:16:00,0.2608333230018616,3.859633207321167,4.088714634274729,304.8111877441406
2024-05-29 14:17:00,0.28833332657814026,3.772197723388672,4.083386980681167,305.4462890625
2024-05-29 14:18:00,0.3033333420753479,3.5596306324005127,4.078363009066437,305.1795654296875
2024-05-29 14:19:00,0.3216666579246521,3.859273672103882,4.073817127701596,306.5316467285156
2024-05-29 14:20:00,0.3466666638851166,3.978936195373535,4.069820632101897,308.51458740234375
2024-05-29 14:21:00,0.3675000071525574,3.988201856613159,4.066366765296357,310.337890625
2024-05-29 14:22:00,0.4025000035762787,3.8653533458709717,4.0634103220070905,310.87664794921875
2024-05-29 14:23:00,0.41083332896232605,3.8307759761810303,4.0608949326562644,311.06378173828125
2024-05-29 14:24:00,0.4333333373069763,3.7664954662323,4.058757793773282,310.8740539550781
2024-05-29 14:25:00,0.4558333456516266,3.856289863586426,4.056950223075006,311.161376953125
2024-05-29 14:26:00,0.4858333468437195,3.8126044273376465,4.055426466687765,311.1066589355469
2024-05-29 14:27:00,0.4975000023841858,4.087808609008789,4.054143757786348,312.9393310546875
2024-05-29 14:28:00,0.5091666579246521,3.8164494037628174,4.053063614262339,312.6613464355469
2024-05-29 14:29:00,0.534166693687439,3.7620513439178467,4.052154716995069,312.2295837402344
2024-05-29 14:30:00,0.5583333373069763,4.0235595703125,4.051390512626089,313.3607482910156
2024-05-29 14:31:00,0.5758333206176758,4.102899074554443,4.050748155900393,314.8289794921875
2024-05-29 14:32:00,0.5883333086967468,4.425040245056152,4.05020883732998,317.12811279296875
2024-05-29 14:33:00,0.6075000166893005,3.8891191482543945,4.049753468310519,316.6993103027344
2024-05-29 14:34:00,0.6225000023841858,3.8320162296295166,4.0493712026185325,316.1150817871094
2024-05-29 14:35:00,0.6416666507720947,4.032490253448486,4.049051342312921,316.6504821777344
2024-05-29 14:36:00,0.6666666865348816,3.933743476867676,4.048783884607692,316.3861083984375
2024-05-29 14:37:00,0.6933333277702332,3.898442506790161,4.048560089093581,315.9620056152344
2024-05-29 14:38:00,0.7250000238418579,4.090238571166992,4.048372813951543,316.8107604980469
2024-05-29 14:39:00,0.7408333420753479,4.023272514343262,4.048216019018566,316.94476318359375
2024-05-29 14:40:00,0.7774999737739563,4.413628101348877,4.048083947481565,318.59210205078125
2024-05-29 14:41:00,0.7908333539962769,3.9983887672424316,4.0479746395354095,318.337646484375
2024-05-29 14:42:00,0.8058333396911621,3.924060821533203,4.0478814531491585,317.7411804199219
2024-05-29 14:43:00,0.8058333396914954,4.012287139892578,4.047802278832409,317.5966491699219
2024-05-29 14:44:00,0.8058333396914954,3.8792459964752197,4.0477359667695225,316.9159851074219
2024-05-29 14:45:00,0.8058333396914954,3.9514293670654297,4.047680400458554,316.4864807128906
2024-05-29 14:46:00,0.8058333396914954,4.166724681854248,4.047633616516619,317.5545654296875
2024-05-29 14:47:00,0.8058333396914954,4.046345233917236,4.047594814258089,317.46661376953125
2024-05-29 14:48:00,0.8058333396914954,4.1516008377075195,4.047562532001888,318.10345458984375
2024-05-29 14:49:00,0.8058333396914954,4.0512003898620605,4.047535791092034,317.8893737792969
2024-05-29 14:50:00,0.8058333396914954,4.060711860656738,4.047514501934796,317.71240234375
2024-05-29 14:51:00,0.8058333396914954,3.9442243576049805,4.04749607316026,317.05633544921875
2024-05-29 14:52:00,0.8058333396914954,4.062167167663574,4.047480425040664,316.919189453125
2024-05-29 14:53:00,0.8058333396914954,4.144973278045654,4.047467197566021,317.2558288574219
2024-05-29 14:54:00,0.8058333396914954,4.031209468841553,4.047455894507157,316.82196044921875
2024-05-29 14:55:00,0.8058333396914954,3.9916515350341797,4.0474465655302945,316.267822265625
2024-05-29 14:56:00,0.8058333396914954,4.10951566696167,4.047438608506563,316.2637939453125
2024-05-29 14:57:00,0.8058333396914954,4.261291980743408,4.047432196500333,317.18292236328125
2024-05-29 14:58:00,0.8058333396914954,4.014345169067383,4.04742692551885,316.56298828125
2024-05-29 14:59:00,0.8058333396914954,4.18996000289917,4.047422781156834,316.7652893066406
2024-05-29 15:00:00,0.8058333396914954,4.227301120758057,4.047419185250333,317.05706787109375
2024-05-29 15:01:00,0.8058333396914954,4.360579013824463,4.047416074400368,318.2423400878906
2024-05-29 15:02:00,0.8058333396914954,4.222909927368164,4.047413448329217,318.1678771972656
2024-05-29 15:03:00,0.8058333396914954,4.305142879486084,4.047411199151827,318.6739501953125
2024-05-29 15:04:00,0.8058333396914954,4.3927083015441895,4.047409321735132,319.89007568359375
2024-05-29 15:05:00,0.8058333396914954,4.319666385650635,4.0474076465720215,320.3885192871094
2024-05-29 15:06:00,0.8058333396914954,4.1400346755981445,4.047406273388034,319.65081787109375
2024-05-29 15:07:00,0.8058333396914954,4.393035411834717,4.047405202117277,320.7884521484375
2024-05-29 15:08:00,0.8058333396914954,4.4537129402160645,4.0474044139470635,322.0907287597656
2024-05-29 15:09:00,0.8058333396914954,4.130032539367676,4.047403734748328,321.23541259765625
2024-05-29 15:10:00,0.8058333396914954,4.288318157196045,4.0474031351449975,321.24371337890625
2024-05-29 15:11:00,0.8058333396914954,4.370664596557617,4.047402618405412,321.7344970703125
2024-05-29 15:12:00,0.8058333396914954,-12.0,4.047402183009901,325.1264033448984
2024-05-29 15:13:00,0.8058333396914954,0.0,4.047401811959944,325.1264033448984
2024-05-29 15:14:00,0.8058333396914954,0.0,4.0474014963059775,323.1886276780399
2024-05-29 15:15:00,0.8058333396914954,0.0,4.0474012431438116,321.3900467940102
2024-05-29 15:16:00,0.8058333396914954,0.0,4.0474010347407425,319.72066201347087
2024-05-29 15:17:00,0.8058333396914954,0.0,4.047400876807713,318.17119289277906
2024-05-29 15:18:00,0.8058333396914954,0.0,4.047400740798948,316.7330255926962
2024-05-29 15:19:00,0.8058333396914954,0.0,4.047400620616456,315.3981650459305
2024-05-29 15:20:00,0.8058333396914954,0.0,4.04740051679866,314.1591902472654
2024-05-29 15:21:00,0.8058333396914954,0.0,4.047400429099014,313.00921377051105
2024-05-29 15:22:00,0.8058333396914954,0.0,4.04740035392883,311.9418428305276
2024-05-29 15:23:00,0.8058333396914954,0.0,4.047400287673348,310.9514296597896
2024-05-29 15:24:00,0.8058333396914954,0.0,4.04740023351579,310.0316516049672
2024-05-29 15:25:00,0.8058333396914954,0.0,4.047400191456183,309.17788835492723
2024-05-29 15:26:00,0.8058333396914954,0.0,4.047400160986139,308.385581634138
2024-05-29 15:27:00,0.8058333396914954,0.0,4.047400134811636,307.65032984336483
2024-05-29 15:28:00,0.8058333396914954,0.0,4.047400111629648,306.9679286686357
2024-05-29 15:29:00,0.8058333396914954,0.0,4.047400091418065,306.33455361573374
2024-05-29 15:30:00,0.8058333396914954,0.0,4.047400074178818,305.74668142855427
2024-05-29 15:31:00,0.8058333396914954,0.0,4.047400059916542,305.20103308971045
2024-05-29 15:32:00,0.8058333396914954,0.0,4.047400047335817,304.6949752228615
2024-05-29 15:33:00,0.8058333396914954,0.0,4.047400036860071,304.224538711992
2024-05-29 15:34:00,0.8058333396914954,0.0,4.047400028599403,303.7878284191866
2024-05-29 15:35:00,0.8058333396914954,0.0,4.0474000225629805,303.38263021254636
2024-05-29 15:36:00,0.8058333396914954,0.0,4.04740001738117,303.0066950578528
2024-05-29 15:37:00,0.8058333396914954,0.0,4.0474000127890974,302.65785995645086
2024-05-29 15:38:00,0.8058333396914954,0.0,4.047400008777609,302.334137927628
2024-05-29 15:39:00,0.8058333396914954,0.0,4.047400005345763,302.0337001335911
2024-05-29 15:40:00,0.8058333396914954,0.0,4.047400002496476,301.7547590110867
2024-05-29 15:41:00,0.8058333396914954,0.0,4.047400000041804,301.4975963392536
2024-05-29 15:42:00,0.8058333396914954,0.0,4.047399997974721,301.2573721934584
2024-05-29 15:43:00,0.8058333396914954,0.0,4.04739999634316,301.03371792523495
2024-05-29 15:44:00,0.8058333396914954,0.0,4.047399995322948,300.8260476281301
2024-05-29 15:45:00,0.8058333396914954,0.0,4.047399994473945,300.6332357585903
2024-05-29 15:46:00,0.8058333396914954,0.0,4.0473999936249445,300.4540526777002
2024-05-29 15:47:00,0.8058333396914954,0.0,4.0473999928834195,300.2879370291361
2024-05-29 15:48:00,0.8058333396914954,0.0,4.047399992348603,300.13387359142746
2024-05-29 15:49:00,0.8058333396914954,0.0,4.047399991813792,299.9910422860425
2024-05-29 15:50:00,0.8058333396914954,0.0,4.047399991280416,299.8609423088647
2024-05-29 15:51:00,0.8058333396914954,0.0,4.047399990824164,299.7387026102065
2024-05-29 15:52:00,0.8058333396914954,0.0,4.047399990418896,299.62469269658413
2024-05-29 15:53:00,0.8058333396914954,0.0,4.047399990101306,299.5185952325034
2024-05-29 15:54:00,0.8058333396914954,0.0,4.0473999898297635,299.4197460963358
2024-05-29 15:55:00,0.8058333396914954,0.0,4.0473999895883175,299.32814846058005
2024-05-29 15:56:00,0.8058333396914954,0.0,4.047399989374944,299.2428402429898
2024-05-29 15:57:00,0.8058333396914954,0.0,4.047399989182636,299.16408438817376
2024-05-29 15:58:00,0.8058333396914954,0.0,4.047399989017103,299.0911503250288
2024-05-29 15:59:00,0.8058333396914954,0.0,4.047399988878353,299.0252792820086
2024-05-29 16:00:00,0.8058333396914954,0.0,4.0473999887663865,298.96331560975193
2024-05-29 16:01:00,0.8058333396914954,0.0,4.047399988681201,298.90524228566915
2024-05-29 16:02:00,0.8058333396914954,0.0,4.04739998862116,298.8510728182244
2024-05-29 16:03:00,0.8058333396914954,0.0,4.047399988569825,298.80056911750324
2024-05-29 16:04:00,0.8058333396914954,0.0,4.047399988524183,298.7536304529669
2024-05-29 16:05:00,0.8058333396914954,0.0,4.047399988483837,298.7095677280091
2024-05-29 16:06:00,0.8058333396914954,0.0,4.047399988447486,298.6687863075827
2024-05-29 16:07:00,0.8058333396914954,0.0,4.047399988416188,298.63128587529746
2024-05-29 16:08:00,0.8058333396914954,0.0,4.0473999883899605,298.59792019779695
2024-05-29 16:09:00,0.8058333396914954,0.0,4.047399988368792,298.5666782565063
2024-05-29 16:10:00,0.8058333396914954,0.0,4.047399988352689,298.53702881186337
2024-05-29 16:11:00,0.8058333396914954,0.0,4.047399988343071,298.5094144053612
2024-05-29 16:12:00,0.8058333396914954,0.0,4.047399988335116,298.48362913823735
2024-05-29 16:13:00,0.8058333396914954,0.0,4.047399988327167,298.45956088621256
2024-05-29 16:14:00,0.8058333396914954,0.0,4.04739998831971,298.4371506164334
2024-05-29 16:15:00,0.8058333396914954,0.0,4.047399988314006,298.4164424365043
2024-05-29 16:16:00,0.8058333396914954,0.0,4.0473999883083005,298.3972487309605
2024-05-29 16:17:00,0.8058333396914954,0.0,4.0473999883083005,298.3801237563343
2024-05-29 16:18:00,0.8058333396914954,0.0,4.047399988304085,298.3640960164825
2024-05-29 16:19:00,0.8058333396914954,0.0,4.047399988300627,298.34886987628516
2024-05-29 16:20:00,0.8058333396914954,0.0,4.047399988297175,298.3346892850252
2024-05-29 16:21:00,0.8058333396914954,0.0,4.047399988293754,298.3214425158562
2024-05-29 16:22:00,0.8058333396914954,0.0,4.047399988293754,298.30905881295143
2024-05-29 16:23:00,0.8058333396914954,0.0,4.047399988291546,298.2974669065944
2024-05-29 16:24:00,0.8058333396914954,0.0,4.047399988289709,298.2867295578144
2024-05-29 16:25:00,0.8058333396914954,0.0,4.047399988287872,298.27684676661124
2024-05-29 16:26:00,0.8058333396914954,0.0,4.0473999882862595,298.26809264582187
2024-05-29 16:27:00,0.8058333396914954,0.0,4.047399988285389,298.25991384706816
2024-05-29 16:28:00,0.8058333396914954,0.0,4.04739998828451,298.25213585223133
2024-05-29 16:29:00,0.8058333396914954,0.0,4.047399988283641,298.24485335873135
2024-05-29 16:30:00,0.8058333396914954,0.0,4.047399988282769,298.2380581473646
2024-05-29 16:31:00,0.8058333396914954,0.0,4.047399988281906,298.2317304299012
2024-05-29 16:32:00,0.8058333396914954,0.0,4.047399988281026,298.22580346490594
2024-05-29 16:33:00,0.8058333396914954,0.0,4.047399988280412,298.2202990674576
2024-05-29 16:34:00,0.8058333396914954,0.0,4.047399988279898,298.2152229102878
2024-05-29 16:35:00,0.8058333396914954,0.0,4.04739998827939,298.2107262324591
2024-05-29 16:36:00,0.8058333396914954,0.0,4.047399988278934,298.20652717545005
2024-05-29 16:37:00,0.8058333396914954,0.0,4.047399988278664,298.20253349087994
2024-05-29 16:38:00,0.8058333396914954,0.0,4.047399988278403,298.19878763510326
2024-05-29 16:39:00,0.8058333396914954,0.0,4.047399988278138,298.19529393438927
2024-05-29 16:40:00,0.8058333396914954,0.0,4.047399988277877,298.19203894640935
2024-05-29 16:41:00,0.8058333396914954,0.0,4.047399988277607,298.1889974041473
2024-05-29 16:42:00,0.8058333396914954,0.0,4.047399988277415,298.18616836188573
2024-05-29 16:43:00,0.8058333396914954,0.0,4.047399988277262,298.18355826539687
2024-05-29 16:44:00,0.8058333396914954,0.0,4.047399988277102,298.1814365241419
2024-05-29 16:45:00,0.8058333396914954,0.0,4.047399988276962,298.17948066921656
2024-05-29 16:46:00,0.8058333396914954,0.0,4.047399988276887,298.1775248142913
2024-05-29 16:47:00,0.8058333396914954,0.0,4.047399988276804,298.1757015189439
2024-05-29 16:48:00,0.8058333396914954,0.0,4.04739998827672,298.17413317654666
2024-05-29 16:49:00,0.8058333396914954,0.0,4.047399988276644,298.1725648341494
2024-05-29 16:50:00,0.8058333396914954,0.0,4.047399988276561,298.17099848621183
2024-05-29 16:51:00,0.8058333396914954,0.0,4.0473999882765055,298.1695392635476
2024-05-29 16:52:00,0.8058333396914954,0.0,4.0473999882764575,298.16815084613467
2024-05-29 16:53:00,0.8058333396914954,0.0,4.047399988276415,298.1669067887006
2024-05-29 16:54:00,0.8058333396914954,0.0,4.047399988276369,298.1657484335066
2024-05-29 16:55:00,0.8058333396914954,0.0,4.047399988276347,298.1646460860432
2024-05-29 16:56:00,0.8058333396914954,0.0,4.047399988276319,298.16360296152584
2024-05-29 16:57:00,0.8058333396914954,0.0,4.047399988276298,298.16263017104416
2024-05-29 16:58:00,0.8058333396914954,0.0,4.047399988276269,298.1617186454064
2024-05-29 16:59:00,0.8058333396914954,0.0,4.047399988276248,298.1608683846124
2024-05-29 17:00:00,0.8058333396914954,0.0,4.047399988276227,298.16007938866227
2024-05-29 17:01:00,0.8058333396914954,0.0,4.047399988276221,298.159351657556
2024-05-29 17:02:00,0.8058333396914954,0.0,4.047399988276202,298.1587106957509
2024-05-29 17:03:00,0.8058333396914954,0.0,4.0473999882761875,298.15811388935293
2024-05-29 17:04:00,0.8058333396914954,0.0,4.047399988276182,298.15754593919183
2024-05-29 17:05:00,0.8058333396914954,0.0,4.047399988276175,298.15700850180724
2024-05-29 17:06:00,0.8058333396914954,0.0,4.047399988276166,298.15650730184166
2024-05-29 17:07:00,0.8058333396914954,0.0,4.047399988276159,298.15603766667664
2024-05-29 17:08:00,0.8058333396914954,0.0,4.047399988276147,298.1555995963124
2024-05-29 17:09:00,0.8058333396914954,0.0,4.047399988276148,298.1551930907487
2024-05-29 17:10:00,0.8058333396914954,0.0,4.047399988276145,298.1548181499857
2024-05-29 17:11:00,0.8058333396914954,0.0,4.047399988276136,298.15451480688256
2024-05-29 17:12:00,0.8058333396914954,0.0,4.047399988276127,298.1542359538504
2024-05-29 17:13:00,0.8058333396914954,0.0,4.047399988276127,298.1539571008181
2024-05-29 17:14:00,0.8058333396914954,0.0,4.047399988276127,298.1536871512204
2024-05-29 17:15:00,0.8058333396914954,0.0,4.047399988276127,298.153447960548
2024-05-29 17:16:00,0.8058333396914954,0.0,4.047399988276129,298.1532087698757
2024-05-29 17:17:00,0.8058333396914954,0.0,4.047399988276124,298.1532087698757
2024-05-29 17:18:00,0.8058333396914954,0.0,4.047399988276122,298.15299665436925
2024-05-29 17:19:00,0.8058333396914954,0.0,4.04739998827612,298.15280259033847
2024-05-29 17:20:00,0.8058333396914954,0.0,4.047399988276124,298.15260852630763
2024-05-29 17:21:00,0.8058333396914954,0.0,4.047399988276124,298.1524152209104
2024-05-29 17:22:00,0.8058333396914954,0.0,4.047399988276118,298.1524152209104
2024-05-29 17:23:00,0.8058333396914954,0.0,4.047399988276118,298.1522632676834
2024-05-29 17:24:00,0.8058333396914954,0.0,4.047399988276118,298.152123573071
2024-05-29 17:25:00,0.8058333396914954,0.0,4.0473999882761165,298.15198387845845
2024-05-29 17:26:00,0.8058333396914954,0.0,4.047399988276115,298.15185411702345
2024-05-29 17:27:00,0.8058333396914954,0.0,4.047399988276111,298.151758671993
2024-05-29 17:28:00,0.8058333396914954,0.0,4.047399988276111,298.15166322696246
2024-05-29 17:29:00,0.8058333396914954,0.0,4.047399988276108,298.151567781932
2024-05-29 17:30:00,0.8058333396914954,0.0,4.047399988276106,298.15147233690146
2024-05-29 17:31:00,0.8058333396914954,0.0,4.047399988276106,298.151376891871
2024-05-29 17:32:00,0.8058333396914954,0.0,4.047399988276113,298.1512814468405
2024-05-29 17:33:00,0.8058333396914954,0.0,4.047399988276113,298.15120082482304
2024-05-29 17:34:00,0.8058333396914954,0.0,4.047399988276113,298.15112670687427
2024-05-29 17:35:00,0.8058333396914954,0.0,4.047399988276113,298.15105258892544
2024-05-29 17:36:00,0.8058333396914954,0.0,4.047399988276109,298.15098313171853
2024-05-29 17:37:00,0.8058333396914954,0.0,4.047399988276109,298.1509297760973
2024-05-29 17:38:00,0.8058333396914954,0.0,4.047399988276111,298.150876420476
2024-05-29 17:39:00,0.8058333396914954,0.0,4.047399988276109,298.1508230648547
2024-05-29 17:40:00,0.8058333396914954,0.0,4.047399988276109,298.1507697092334
2024-05-29 17:41:00,0.8058333396914954,0.0,4.047399988276111,298.15071635361204
2024-05-29 17:42:00,0.8058333396914954,0.0,4.047399988276113,298.15067128434214
2024-05-29 17:43:00,0.8058333396914954,0.0,4.047399988276113,298.1506298509727
2024-05-29 17:44:00,0.8058333396914954,0.0,4.047399988276111,298.1505884176032
2024-05-29 17:45:00,0.8058333396914954,0.0,4.047399988276109,298.1505495896789
2024-05-29 17:46:00,0.8058333396914954,0.0,4.047399988276111,298.15051976285287
2024-05-29 17:47:00,0.8058333396914954,0.0,4.047399988276109,298.15048993602676
2024-05-29 17:48:00,0.8058333396914954,0.0,4.047399988276111,298.1504601092007
2024-05-29 17:49:00,0.8058333396914954,0.0,4.047399988276111,298.1504302823746
2024-05-29 17:50:00,0.8058333396914954,0.0,4.047399988276113,298.15040045554855
2024-05-29 17:51:00,0.8058333396914954,0.0,4.047399988276109,298.1503752609534
2024-05-29 17:52:00,0.8058333396914954,0.0,4.047399988276113,298.1503520988972
2024-05-29 17:53:00,0.8058333396914954,0.0,4.047399988276111,298.1503289368409
2024-05-29 17:54:00,0.8058333396914954,0.0,4.047399988276109,298.15030723127893
2024-05-29 17:55:00,0.8058333396914954,0.0,4.047399988276111,298.15029055750523
2024-05-29 17:56:00,0.8058333396914954,0.0,4.047399988276111,298.1502738837316
2024-05-29 17:57:00,0.8058333396914954,0.0,4.047399988276111,298.15025720995783
2024-05-29 17:58:00,0.8058333396914954,0.0,4.047399988276109,298.1502405361842
2024-05-29 17:59:00,0.8058333396914954,0.0,4.047399988276109,298.15022386241054
2024-05-29 18:00:00,0.8058333396914954,0.0,4.047399988276109,298.1502097781437
2024-05-29 18:01:00,0.8058333396914954,0.0,4.047399988276113,298.1501968301055
2024-05-29 18:02:00,0.8058333396914954,0.0,4.047399988276113,298.1501838820672
2024-05-29 18:03:00,0.8058333396914954,0.0,4.047399988276113,298.15017174823754
2024-05-29 18:04:00,0.8058333396914954,0.0,4.047399988276113,298.150162427275
2024-05-29 18:05:00,0.8058333396914954,0.0,4.047399988276113,298.1501531063125
2024-05-29 18:06:00,0.8058333396914954,0.0,4.047399988276111,298.15014378534994
2024-05-29 18:07:00,0.8058333396914954,0.0,4.047399988276113,298.15013446438735
2024-05-29 18:08:00,0.8058333396914954,0.0,4.047399988276113,298.1501251434248
2024-05-29 18:09:00,0.8058333396914954,0.0,4.047399988276111,298.15011727004685
2024-05-29 18:10:00,0.8058333396914954,0.0,4.047399988276113,298.15011003184264
2024-05-29 18:11:00,0.8058333396914954,0.0,4.047399988276111,298.1501027936383
2024-05-29 18:12:00,0.8058333396914954,0.0,4.047399988276111,298.15009601059245
2024-05-29 18:13:00,0.8058333396914954,0.0,4.047399988276113,298.1500907999938
2024-05-29 18:14:00,0.8058333396914954,0.0,4.047399988276113,298.15008558939513
2024-05-29 18:15:00,0.8058333396914954,0.0,4.047399988276111,298.1500803787965
2024-05-29 18:16:00,0.8058333396914954,0.0,4.047399988276111,298.1500751681979
2024-05-29 18:17:00,0.8058333396914954,0.0,4.047399988276106,298.15006995759916
2024-05-29 18:18:00,0.8058333396914954,0.0,4.047399988276106,298.1500655562284
2024-05-29 18:19:00,0.8058333396914954,0.0,4.047399988276106,298.15006150993196
2024-05-29 18:20:00,0.8058333396914954,0.0,4.047399988276106,298.15005746363556
2024-05-29 18:21:00,0.8058333396914954,0.0,4.047399988276106,298.15005349325565
2024-05-29 18:22:00,0.8058333396914954,0.0,4.047399988276104,298.15004978514645
2024-05-29 18:23:00,0.8058333396914954,0.0,4.047399988276106,298.15004978514645
2024-05-29 18:24:00,0.8058333396914954,0.0,4.047399988276109,298.15004665292213
2024-05-29 18:25:00,0.8058333396914954,0.0,4.047399988276106,298.1500437733857
2024-05-29 18:26:00,0.8058333396914954,0.0,4.047399988276109,298.1500408938492
2024-05-29 18:27:00,0.8058333396914954,0.0,4.047399988276106,298.15003821906606
2024-05-29 18:28:00,0.8058333396914954,0.0,4.047399988276106,298.1500362516499
2024-05-29 18:29:00,0.8058333396914954,0.0,4.047399988276109,298.15003428423364
2024-05-29 18:30:00,0.8058333396914954,0.0,4.047399988276109,298.1500323168174
2024-05-29 18:31:00,0.8058333396914954,0.0,4.047399988276109,298.15003034940116
2024-05-29 18:32:00,0.8058333396914954,0.0,4.047399988276106,298.15002838198495
2024-05-29 18:33:00,0.8058333396914954,0.0,4.047399988276109,298.1500264145687
2024-05-29 18:34:00,0.8058333396914954,0.0,4.047399988276109,298.1500247527005
2024-05-29 18:35:00,0.8058333396914954,0.0,4.047399988276109,298.1500232249011
2024-05-29 18:36:00,0.8058333396914954,0.0,4.047399988276108,298.15002169710175
2024-05-29 18:37:00,0.8058333396914954,0.0,4.047399988276109,298.1500202653747
2024-05-29 18:38:00,0.8058333396914954,0.0,4.047399988276108,298.1500191655509
2024-05-29 18:39:00,0.8058333396914954,0.0,4.047399988276111,298.1500180657271
2024-05-29 18:40:00,0.8058333396914954,0.0,4.047399988276111,298.15001696590326
2024-05-29 18:41:00,0.8058333396914954,0.0,4.047399988276111,298.1500158660795
2024-05-29 18:42:00,0.8058333396914954,0.0,4.047399988276111,298.1500147662557
2024-05-29 18:43:00,0.8058333396914954,0.0,4.047399988276109,298.1500138372392
2024-05-29 18:44:00,0.8058333396914954,0.0,4.047399988276109,298.1500129831698
2024-05-29 18:45:00,0.8058333396914954,0.0,4.047399988276108,298.15001212910033
2024-05-29 18:46:00,0.8058333396914954,0.0,4.047399988276111,298.15001132873715
2024-05-29 18:47:00,0.8058333396914954,0.0,4.047399988276109,298.15001071391436
2024-05-29 18:48:00,0.8058333396914954,0.0,4.047399988276111,298.1500100990915
2024-05-29 18:49:00,0.8058333396914954,0.0,4.047399988276111,298.1500094842687
2024-05-29 18:50:00,0.8058333396914954,0.0,4.047399988276109,298.1500088694459
2024-05-29 18:51:00,0.8058333396914954,0.0,4.047399988276108,298.1500082546231
2024-05-29 18:52:00,0.8058333396914954,0.0,4.047399988276108,298.15000773528476
2024-05-29 18:53:00,0.8058333396914954,0.0,4.047399988276111,298.1500072578434
2024-05-29 18:54:00,0.8058333396914954,0.0,4.047399988276108,298.15000678040207
2024-05-29 18:55:00,0.8058333396914954,0.0,4.047399988276108,298.1500063329835
2024-05-29 18:56:00,0.8058333396914954,0.0,4.047399988276108,298.1500059892856
2024-05-29 18:57:00,0.8058333396914954,0.0,4.047399988276111,298.1500056455877
2024-05-29 18:58:00,0.8058333396914954,0.0,4.047399988276111,298.1500053018899
2024-05-29 18:59:00,0.8058333396914954,0.0,4.047399988276111,298.150004958192
2024-05-29 19:00:00,0.8058333396914954,0.0,4.047399988276111,298.15000461449415
2024-05-29 19:01:00,0.8058333396914954,0.0,4.047399988276111,298.150004324174
2024-05-29 19:02:00,0.8058333396914954,0.0,4.047399988276111,298.15000405727505
2024-05-29 19:03:00,0.8058333396914954,0.0,4.047399988276111,298.15000379037605
2024-05-29 19:04:00,0.8058333396914954,0.0,4.047399988276115,298.1500035402604
2024-05-29 19:05:00,0.8058333396914954,0.0,4.047399988276115,298.15000334812663
2024-05-29 19:06:00,0.8058333396914954,0.0,4.047399988276115,298.15000315599286
2024-05-29 19:07:00,0.8058333396914954,0.0,4.047399988276115,298.15000296385915
2024-05-29 19:08:00,0.8058333396914954,0.0,4.047399988276115,298.1500027717254
2024-05-29 19:09:00,0.8058333396914954,0.0,4.047399988276115,298.1500025795916
2024-05-29 19:10:00,0.8058333396914954,0.0,4.047399988276115,298.150002417297
2024-05-29 19:11:00,0.8058333396914954,0.0,4.047399988276115,298.1500022680953
2024-05-29 19:12:00,0.8058333396914954,0.0,4.047399988276115,298.1500021188936
2024-05-29 19:13:00,0.8058333396914954,0.0,4.047399988276115,298.1500019790741
2024-05-29 19:14:00,0.8058333396914954,0.0,4.047399988276111,298.15000187166765
2024-05-29 19:15:00,0.8058333396914954,0.0,4.047399988276111,298.15000176426116
2024-05-29 19:16:00,0.8058333396914954,0.0,4.047399988276111,298.15000165685467
2024-05-29 19:17:00,0.8058333396914954,0.0,4.047399988276115,298.1500015494482
2024-05-29 19:18:00,0.8058333396914954,0.0,4.047399988276118,298.1500014420417
2024-05-29 19:19:00,0.8058333396914954,0.0,4.047399988276113,298.1500013513158
2024-05-29 19:20:00,0.8058333396914954,0.0,4.047399988276115,298.15000126790915
2024-05-29 19:21:00,0.8058333396914954,0.0,4.047399988276118,298.1500011845025
2024-05-29 19:22:00,0.8058333396914954,0.0,4.047399988276118,298.15000110634065
2024-05-29 19:23:00,0.8058333396914954,0.0,4.047399988276118,298.1500010462984
2024-05-29 19:24:00,0.8058333396914954,0.0,4.047399988276118,298.1500009862561
2024-05-29 19:25:00,0.8058333396914954,0.0,4.047399988276118,298.1500009262138
2024-05-29 19:26:00,0.8058333396914954,0.0,4.047399988276118,298.15000086617147
2024-05-29 19:27:00,0.8058333396914954,0.0,4.047399988276118,298.1500008061292
2024-05-29 19:28:00,0.8058333396914954,0.0,4.047399988276113,298.1500007554116
2024-05-29 19:29:00,0.8058333396914954,0.0,4.047399988276115,298.15000070878574
2024-05-29 19:30:00,0.8058333396914954,0.0,4.047399988276115,298.1500006621598
2024-05-29 19:31:00,0.8058333396914954,0.0,4.047399988276118,298.15000061846587
2024-05-29 19:32:00,0.8058333396914954,0.0,4.0473999882761165,298.1500005849011
2024-05-29 19:33:00,0.8058333396914954,0.0,4.0473999882761165,298.15000055133623
2024-05-29 19:34:00,0.8058333396914954,0.0,4.047399988276118,298.15000051777145
2024-05-29 19:35:00,0.8058333396914954,0.0,4.0473999882761165,298.1500004842066
2024-05-29 19:36:00,0.8058333396914954,0.0,4.04739998827612,298.1500004506418
2024-05-29 19:37:00,0.8058333396914954,0.0,4.04739998827612,298.15000042228974
2024-05-29 19:38:00,0.8058333396914954,0.0,4.047399988276118,298.1500003962249
2024-05-29 19:39:00,0.8058333396914954,0.0,4.047399988276118,298.15000037016017
2024-05-29 19:40:00,0.8058333396914954,0.0,4.04739998827612,298.1500003457344
2024-05-29 19:41:00,0.8058333396914954,0.0,4.047399988276118,298.150000326971
2024-05-29 19:42:00,0.8058333396914954,0.0,4.047399988276118,298.1500003082076
2024-05-29 19:43:00,0.8058333396914954,0.0,4.047399988276118,298.1500002894442
2024-05-29 19:44:00,0.8058333396914954,0.0,4.047399988276118,298.1500002706809
2024-05-29 19:45:00,0.8058333396914954,0.0,4.047399988276118,298.1500002519175
2024-05-29 19:46:00,0.8058333396914954,0.0,4.047399988276118,298.15000023606814
2024-05-29 19:47:00,0.8058333396914954,0.0,4.04739998827612,298.1500002214974
2024-05-29 19:48:00,0.8058333396914954,0.0,4.047399988276122,298.1500002069267
2024-05-29 19:49:00,0.8058333396914954,0.0,4.04739998827612,298.15000019327226
2024-05-29 19:50:00,0.8058333396914954,0.0,4.04739998827612,298.1500001827831
2024-05-29 19:51:00,0.8058333396914954,0.0,4.04739998827612,298.150000172294
2024-05-29 19:52:00,0.8058333396914954,0.0,4.04739998827612,298.15000016180494
2024-05-29 19:53:00,0.8058333396914954,0.0,4.047399988276118,298.1500001513158
2024-05-29 19:54:00,0.8058333396914954,0.0,4.047399988276118,298.15000014082676
2024-05-29 19:55:00,0.8058333396914954,0.0,4.047399988276118,298.1500001319668
2024-05-29 19:56:00,0.8058333396914954,0.0,4.047399988276118,298.1500001238214
2024-05-29 19:57:00,0.8058333396914954,0.0,4.047399988276118,298.1500001156761
2024-05-29 19:58:00,0.8058333396914954,0.0,4.047399988276118,298.150000108043
2024-05-29 19:59:00,0.8058333396914954,0.0,4.047399988276118,298.1500001021794
2024-05-29 20:00:00,0.8058333396914954,0.0,4.047399988276122,298.15000009631575
2024-05-29 20:01:00,0.8058333396914954,0.0,4.047399988276122,298.1500000904521
2024-05-29 20:02:00,0.8058333396914954,0.0,4.047399988276122,298.15000008458856
2024-05-29 20:03:00,0.8058333396914954,0.0,4.047399988276122,298.15000007872493
2024-05-29 20:04:00,0.8058333396914954,0.0,4.047399988276122,298.15000007377193
2024-05-29 20:05:00,0.8058333396914954,0.0,4.047399988276122,298.15000006921855
2024-05-29 20:06:00,0.8058333396914954,0.0,4.047399988276122,298.15000006466516
2024-05-29 20:07:00,0.8058333396914954,0.0,4.047399988276122,298.15000006039816
2024-05-29 20:08:00,0.8058333396914954,0.0,4.047399988276122,298.1500000571202
2024-05-29 20:09:00,0.8058333396914954,0.0,4.04739998827612,298.15000005384235
2024-05-29 20:10:00,0.8058333396914954,0.0,4.04739998827612,298.1500000505645
2024-05-29 20:11:00,0.8058333396914954,0.0,4.047399988276122,298.15000004728665
2024-05-29 20:12:00,0.8058333396914954,0.0,4.047399988276122,298.1500000440088
2024-05-29 20:13:00,0.8058333396914954,0.0,4.047399988276122,298.1500000412399
2024-05-29 20:14:00,0.8058333396914954,0.0,4.04739998827612,298.1500000386945
2024-05-29 20:15:00,0.8058333396914954,0.0,4.04739998827612,298.15000003614904
2024-05-29 20:16:00,0.8058333396914954,0.0,4.04739998827612,298.1500000337637
2024-05-29 20:17:00,0.8058333396914954,0.0,4.04739998827612,298.15000003193126
2024-05-29 20:18:00,0.8058333396914954,0.0,4.04739998827612,298.1500000300989
2024-05-29 20:19:00,0.8058333396914954,0.0,4.04739998827612,298.1500000282665
2024-05-29 20:20:00,0.8058333396914954,0.0,4.047399988276122,298.15000002643416
2024-05-29 20:21:00,0.8058333396914954,0.0,4.047399988276122,298.1500000246017
2024-05-29 20:22:00,0.8058333396914954,0.0,4.047399988276122,298.15000002305385
2024-05-29 20:23:00,0.8058333396914954,0.0,4.047399988276122,298.15000002163094
2024-05-29 20:24:00,0.8058333396914954,0.0,4.047399988276122,298.150000020208
2024-05-29 20:25:00,0.8058333396914954,0.0,4.04739998827612,298.15000001887455
2024-05-29 20:26:00,0.8058333396914954,0.0,4.047399988276122,298.1500000178502
2024-05-29 20:27:00,0.8058333396914954,0.0,4.04739998827612,298.15000001682586
2024-05-29 20:28:00,0.8058333396914954,0.0,4.04739998827612,298.15000001580154
2024-05-29 20:29:00,0.8058333396914954,0.0,3.8494402958314557,298.1500000147772
2024-05-29 20:30:00,0.8058333396914954,0.0,3.676214082604036,298.15000001375284
2024-05-29 20:31:00,0.8058333396914954,0.0,3.608212292016904,298.1500000128875
2024-05-29 20:32:00,0.8058333396914954,0.0,3.550845986904065,298.1500000120921
2024-05-29 20:33:00,0.8058333396914954,0.0,3.4925879217000597,298.1500000112966
2024-05-29 20:34:00,0.8058333396914954,0.0,3.4519713052124503,298.1500000105512
2024-05-29 20:35:00,0.8058333396914954,0.0,3.424978510912929,298.15000000997856
2024-05-29 20:36:00,0.8058333396914954,0.0,3.404265046675769,298.15000000940597
2024-05-29 20:37:00,0.8058333396914954,0.0,3.3860341251095067,298.15000000883333
2024-05-29 20:38:00,0.8058333396914954,0.0,3.3684945475750476,298.15000000826075
2024-05-29 20:39:00,0.8058333396914954,0.0,3.350584409436674,298.1500000076881
2024-05-29 20:40:00,0.8058333396914954,0.0,3.4961104566345913,298.1500000072044
2024-05-29 20:41:00,0.8058333396914954,0.0,3.6210234036865856,298.15000000675974
2024-05-29 20:42:00,0.8058333396914954,0.0,3.6517980707263775,298.15000000631505
2024-05-29 20:43:00,0.8058333396914954,0.0,3.666030798705444,298.1500000058984
2024-05-29 20:44:00,0.8058333396914954,0.0,3.6754443306513886,298.1500000055782
2024-05-29 20:45:00,0.8058333396914954,0.0,3.6827167939151426,298.1500000052581
2024-05-29 20:46:00,0.8058333396914954,0.0,3.6886201914001395,298.150000004938
2024-05-29 20:47:00,0.8058333396914954,0.0,3.6935035343390012,298.1500000046179
2024-05-29 20:48:00,0.8058333396914954,0.0,3.6975772341508137,298.1500000042978
2024-05-29 20:49:00,0.8058333396914954,0.0,3.7009954411528128,298.1500000040274
2024-05-29 20:50:00,0.8058333396914954,0.0,3.7038712873615722,298.1500000037788
2024-05-29 20:51:00,0.8058333396914954,0.0,3.706293980531882,298.15000000353024
2024-05-29 20:52:00,0.8058333396914954,0.0,3.7083420082499092,298.15000000329724
2024-05-29 20:53:00,0.8058333396914954,0.0,3.7100697061654855,298.1500000031183
2024-05-29 20:54:00,0.8058333396914954,0.0,3.7115260414119846,298.15000000293935
2024-05-29 20:55:00,0.8058333396914954,0.0,3.712752096424985,298.1500000027604
2024-05-29 20:56:00,0.8058333396914954,0.0,3.7137852299291954,298.15000000258146
2024-05-29 20:57:00,0.8058333396914954,0.0,3.7146563627822577,298.1500000024025
2024-05-29 20:58:00,0.8058333396914954,0.0,3.7153903594842568,298.1500000022514
2024-05-29 20:59:00,0.8058333396912175,0.0,3.716008757731129,298.15000000211245
2024-05-29 21:00:00,0.7708333396917733,0.0,3.7165299204535978,298.15000000197347
2024-05-29 21:01:00,0.7358333396917733,0.0,3.716968180451513,298.15000000184324
2024-05-29 21:02:00,0.7008333396917733,0.0,3.7173391180290065,298.15000000174325
2024-05-29 21:03:00,0.6658333396917733,0.0,3.7176518241993834,298.1500000016432
2024-05-29 21:04:00,0.6308333396917732,0.0,3.7179145586881024,298.15000000154316
2024-05-29 21:05:00,0.5958333396917732,0.0,3.718134783496584,298.1500000014431
2024-05-29 21:06:00,0.5608333396917733,0.0,3.7183193742097838,298.1500000013431
2024-05-29 21:07:00,0.5258333396917733,0.0,3.7184741177719975,298.1500000012586
2024-05-29 21:08:00,0.49083333969177323,0.0,3.7186033703755887,298.1500000011809
2024-05-29 21:09:00,0.4558333396917732,0.0,3.7187125540674746,298.15000000110325
2024-05-29 21:10:00,0.4558333396914953,0.0,3.7188047107542017,298.15000000103043
2024-05-29 21:11:00,0.4558333396914953,0.0,3.7188047107542017,298.1500000009745
2024-05-29 21:12:00,0.4558333396914953,0.0,3.718882830578456,298.1500000009185
2024-05-29 21:13:00,0.4558333396914953,0.0,3.718949527824042,298.1500000008626
2024-05-29 21:14:00,0.4558333396914953,0.0,3.719006049797731,298.1500000008067
2024-05-29 21:15:00,0.4558333396914953,0.0,3.719053391283089,298.15000000075077
2024-05-29 21:16:00,0.4558333396914953,0.0,3.7190934736967343,298.1500000007036
2024-05-29 21:17:00,0.4558333396914953,0.0,3.719126688669165,298.15000000066016
2024-05-29 21:18:00,0.4558333396914953,0.0,3.71915429977266,298.1500000006167
2024-05-29 21:19:00,0.4558333396914953,0.0,3.7191776088915893,298.15000000057603
2024-05-29 21:20:00,0.4558333396914953,0.0,3.7191965168961154,298.15000000054476
2024-05-29 21:21:00,0.4558333396914953,0.0,3.719211530761629,298.1500000005135
2024-05-29 21:22:00,0.4558333396914953,0.0,3.719211530761629,298.1500000004822
2024-05-29 21:23:00,0.4558333396914953,0.0,3.719211530761629,298.150000000451
2024-05-29 21:24:00,0.4558333396914953,0.0,3.719211530761629,298.1500000004197
2024-05-29 21:25:00,0.4558333396914953,0.0,3.719211530761629,298.15000000039333
2024-05-29 21:26:00,0.4558333396914953,0.0,3.719211530761629,298.15000000036906
2024-05-29 21:27:00,0.4558333396914953,0.0,3.719211530761629,298.15000000034473
2024-05-29 21:28:00,0.4558333396914953,0.0,3.719211530761629,298.1500000003206
2024-05-29 21:29:00,0.4558333396914953,10.0,3.719211530761629,298.1500000003206
2024-05-29 21:30:00,0.4558333396914953,10.0,3.719211530761629,301.3990887241914
2024-05-29 21:31:00,0.4558333396914953,10.0,3.719211530761629,304.8378659085135
2024-05-29 21:32:00,0.4558333396914953,10.0,3.719211530761629,308.0766993466707
2024-05-29 21:33:00,0.4558333396914953,10.0,3.719211530761629,310.9986779268961
2024-05-29 21:34:00,0.4558333396914953,10.0,3.719211530761629,313.61788252718827
2024-05-29 21:35:00,0.4558333396914953,10.0,3.719211530761629,315.96873636359794
2024-05-29 21:36:00,0.4558333396914953,10.0,3.719211530761629,318.08420087326607
2024-05-29 21:37:00,0.4558333396914953,10.0,3.719211530761629,319.993442548756
2024-05-29 21:38:00,0.4558333396914953,10.0,3.719211530761629,321.7220100250593
2024-05-29 21:39:00,0.4558333396914953,10.0,3.719211530761629,323.2921764611744
2024-05-29 21:40:00,0.4558333396914953,0.0,3.719211530761629,323.2921764611744
2024-05-29 21:41:00,0.4558333396914953,0.0,3.719211530761629,321.5165591530223
2024-05-29 21:42:00,0.4558333396914953,0.0,3.719211530761629,319.8663413656089
2024-05-29 21:43:00,0.4558333396914953,0.0,3.719211530761629,318.3326669970399
2024-05-29 21:44:00,0.4558333396914953,0.0,3.719211530761629,316.9073053953861
2024-05-29 21:45:00,0.4558333396914953,0.0,3.719211530761629,315.5826071728169
2024-05-29 21:46:00,0.4558333396914953,0.0,3.719211530761629,314.3514630945225
2024-05-29 21:47:00,0.4558333396914953,0.0,3.719211530761629,313.20726583756067
2024-05-29 21:48:00,0.4558333396914953,0.0,3.719211530761629,312.14387560795353
2024-05-29 21:49:00,0.4558333396914953,0.0,3.719211530761629,311.1555852120542
2024-05-29 21:50:00,0.4558333396914953,0.0,3.719211530761629,310.2370906808825
2024-05-29 21:51:00,0.4558333396914953,0.0,3.719211530761629,309.38372561534027
2024-05-29 21:52:00,0.4558333396914953,0.0,3.719211530761629,308.59013845055813
2024-05-29 21:53:00,0.4558333396914953,0.0,3.719211530761629,307.8525642505117
2024-05-29 21:54:00,0.4558333396914953,0.0,3.719211530761629,307.1671335046463
2024-05-29 21:55:00,0.4558333396914953,0.0,3.719211530761629,306.53027917480745
2024-05-29 21:56:00,0.4558333396914953,0.0,3.719211530761629,305.93846610640094
2024-05-29 21:57:00,0.4558333396914953,0.0,3.719211530761629,305.3884534163657
2024-05-29 21:58:00,0.4558333396914953,0.0,3.719211530761629,304.8772949714973
2024-05-29 21:59:00,0.4558333396914953,0.0,3.719211530761629,304.402236390961
2024-05-29 22:00:00,0.4558333396914953,0.0,3.719211530761629,303.9607102505642
2024-05-29 22:01:00,0.4558333396914953,0.0,3.719211530761629,303.5507955063432
2024-05-29 22:02:00,0.4558333396914953,0.0,3.719211530761629,303.1691855019611
2024-05-29 22:03:00,0.4558333396914953,0.0,3.719211530761629,302.81437241177673
2024-05-29 22:04:00,0.4558333396914953,0.0,3.719211530761629,302.4846483301678
2024-05-29 22:05:00,0.4558333396914953,0.0,3.719211530761629,302.17834881431514
2024-05-29 22:06:00,0.4558333396914953,0.0,3.719211530761629,301.89380559056053
2024-05-29 22:07:00,0.4558333396914953,0.0,3.719211530761629,301.6294459289271
2024-05-29 22:08:00,0.4558333396914953,0.0,3.719211530761629,301.38387528555194
2024-05-29 22:09:00,0.4558333396914953,0.0,3.719211530761629,301.1555894520912
2024-05-29 22:10:00,0.4558333396914953,0.0,3.719211530761629,300.9433940161074
2024-05-29 22:11:00,0.4558333396914953,0.0,3.719211530761629,300.9433940161074
2024-05-29 22:12:00,0.4558333396914953,0.0,3.719211530761629,300.7431964887375
2024-05-29 22:13:00,0.4558333396914953,0.0,3.719211530761629,300.556117519449
2024-05-29 22:14:00,0.4558333396914953,0.0,3.719211530761629,300.3819685609277
2024-05-29 22:15:00,0.4558333396914953,0.0,3.719211530761629,300.22032023260863
2024-05-29 22:16:00,0.4558333396914953,0.0,3.719211530761629,300.0700004123146
2024-05-29 22:17:00,0.4558333396914953,0.0,3.719211530761629,299.93070033074804
2024-05-29 22:18:00,0.4558333396914953,0.0,3.719211530761629,299.8015641809575
2024-05-29 22:19:00,0.4558333396914953,0.0,3.719211530761629,299.68153302201637
2024-05-29 22:20:00,0.4558333396914953,0.0,3.719211530761629,299.57066748028507
2024-05-29 22:21:00,0.4558333396914953,0.0,3.719211530761629,299.4699015697058
2024-05-29 22:22:00,0.4558333396914953,0.0,3.719211530761629,299.4699015697058
2024-05-29 22:23:00,0.4558333396914953,0.0,3.719211530761629,299.4699015697058
2024-05-29 22:24:00,0.4558333396914953,0.0,3.719211530761629,299.4699015697058
2024-05-29 22:25:00,0.4558333396914953,0.0,3.719211530761629,299.4699015697058
2024-05-29 22:26:00,0.4558333396914953,0.0,3.719211530761629,299.4699015697058
2024-05-29 22:27:00,0.4558333396914953,0.0,3.719211530761629,299.4699015697058
2024-05-29 22:28:00,0.4558333396914953,0.0,3.719211530761629,299.4699015697058
2024-05-29 22:29:00,0.4558333396914953,0.0,3.719211530761629,299.4699015697058
2024-05-29 22:30:00,0.4558333396914953,0.0,3.719211530761629,299.4699015697058
2024-05-29 22:31:00,0.4558333396914953,0.0,3.719211530761629,299.4699015697058
2024-05-29 22:32:00,0.4558333396914953,0.0,3.719211530761629,299.4699015697058
2024-05-29 22:33:00,0.4558333396914953,0.0,3.719211530761629,299.4699015697058
2024-05-29 22:34:00,0.4558333396914953,0.0,3.719211530761629,299.4699015697058
2024-05-29 22:35:00,0.4558333396914953,0.0,3.719211530761629,299.4699015697058
2024-05-29 22:36:00,0.4558333396914953,0.0,3.719211530761629,299.4699015697058
2024-05-29 22:37:00,0.4558333396914953,0.0,3.719211530761629,299.4699015697058
2024-05-29 22:38:00,0.4558333396914953,0.0,3.719211530761629,299.4699015697058
2024-05-29 22:39:00,0.4558333396914953,0.0,3.719211530761629,299.4699015697058
2024-05-29 22:40:00,0.4558333396914953,0.0,3.719211530761629,299.4699015697058
2024-05-29 22:41:00,0.4558333396914953,0.0,3.719211530761629,299.4699015697058
2024-05-29 22:42:00,0.4558333396914953,0.0,3.719211530761629,299.4699015697058
2024-05-29 22:43:00,0.4558333396914953,0.0,3.719211530761629,299.4699015697058
2024-05-29 22:44:00,0.4558333396914953,0.0,3.719211530761629,299.4699015697058
2024-05-29 22:45:00,0.4558333396914953,0.0,3.719211530761629,299.4699015697058
2024-05-29 22:46:00,0.4558333396914953,0.0,3.719211530761629,299.4699015697058
2024-05-29 22:47:00,0.4558333396914953,0.0,3.719211530761629,299.4699015697058
2024-05-29 22:48:00,0.4558333396914953,0.0,3.719211530761629,299.4699015697058
2024-05-29 22:49:00,0.4558333396914953,0.0,3.719211530761629,299.4699015697058
2024-05-29 22:50:00,0.4558333396914953,0.0,3.719211530761629,299.4699015697058
2024-05-29 22:51:00,0.4558333396914953,0.0,3.719211530761629,299.4699015697058
2024-05-29 22:52:00,0.4558333396914953,0.0,3.719211530761629,299.4699015697058
2024-05-29 22:53:00,0.4558333396914953,0.0,3.719211530761629,299.4699015697058
2024-05-29 22:54:00,0.4558333396914953,0.0,3.719211530761629,299.4699015697058
2024-05-29 22:55:00,0.4558333396914953,0.0,3.719211530761629,299.4699015697058
2024-05-29 22:56:00,0.4558333396914953,0.0,3.719211530761629,299.4699015697058
2024-05-29 22:57:00,0.4558333396914953,0.0,3.719211530761629,299.4699015697058
2024-05-29 22:58:00,0.4558333396914953,0.0,3.719211530761629,299.4699015697058
2024-05-29 22:59:00,0.4558333396914953,0.0,3.719211530761629,299.4699015697058
2024-05-29 23:00:00,0.4558333396914953,0.0,3.719211530761629,299.4699015697058
2024-05-29 23:01:00,0.4558333396914953,0.0,3.719211530761629,299.4699015697058
2024-05-29 23:02:00,0.4558333396914953,0.0,3.719211530761629,299.4699015697058
2024-05-29 23:03:00,0.4558333396914953,0.0,3.719211530761629,299.4699015697058
2024-05-29 23:04:00,0.4558333396914953,0.0,3.719211530761629,299.4699015697058
2024-05-29 23:05:00,0.4558333396914953,0.0,3.719211530761629,299.4699015697058
2024-05-29 23:06:00,0.4558333396914953,0.0,3.719211530761629,299.4699015697058
2024-05-29 23:07:00,0.4558333396914953,0.0,3.719211530761629,299.4699015697058
2024-05-29 23:08:00,0.4558333396914953,0.0,3.719211530761629,299.4699015697058
2024-05-29 23:09:00,0.4558333396914953,0.0,3.719211530761629,299.4699015697058
2024-05-29 23:10:00,0.4558333396914953,0.0,3.719211530761629,299.4699015697058
2024-05-29 23:11:00,0.4558333396914953,0.0,3.719211530761629,299.4699015697058
2024-05-29 23:12:00,0.4558333396914953,0.0,3.719211530761629,299.4699015697058
2024-05-29 23:13:00,0.4558333396914953,0.0,3.719211530761629,299.4699015697058
2024-05-29 23:14:00,0.4558333396914953,0.0,3.719211530761629,299.4699015697058
2024-05-29 23:15:00,0.4558333396914953,0.0,3.719211530761629,299.4699015697058
2024-05-29 23:16:00,0.4558333396914953,0.0,3.719211530761629,299.4699015697058
2024-05-29 23:17:00,0.4558333396914953,0.0,3.719211530761629,299.4699015697058
2024-05-29 23:18:00,0.4558333396914953,0.0,3.719211530761629,299.4699015697058
2024-05-29 23:19:00,0.4558333396914953,0.0,3.719211530761629,299.4699015697058
2024-05-29 23:20:00,0.4558333396914953,0.0,3.719211530761629,299.4699015697058
2024-05-29 23:21:00,0.4558333396914953,0.0,3.719211530761629,299.4699015697058
2024-05-29 23:22:00,0.4558333396914953,0.0,3.719211530761629,299.4699015697058
2024-05-29 23:23:00,0.4558333396914953,0.0,3.719211530761629,299.4699015697058
2024-05-29 23:24:00,0.4558333396914953,0.0,3.719211530761629,299.4699015697058
2024-05-29 23:25:00,0.4558333396914953,0.0,3.719211530761629,299.4699015697058
2024-05-29 23:26:00,0.4558333396914953,0.0,3.719211530761629,299.4699015697058
2024-05-29 23:27:00,0.4558333396914953,0.0,3.719211530761629,299.4699015697058
2024-05-29 23:28:00,0.4558333396914953,0.0,3.719211530761629,299.4699015697058
2024-05-29 23:29:00,0.4558333396914953,0.0,3.719211530761629,299.4699015697058
2024-05-29 23:30:00,0.4558333396914953,0.0,3.719211530761629,299.4699015697058
2024-05-29 23:31:00,0.4558333396914953,0.0,3.719211530761629,299.4699015697058
2024-05-29 23:32:00,0.4558333396914953,0.0,3.719211530761629,299.4699015697058
2024-05-29 23:33:00,0.4558333396914953,0.0,3.719211530761629,299.4699015697058
2024-05-29 23:34:00,0.4558333396914953,0.0,3.719211530761629,299.4699015697058
2024-05-29 23:35:00,0.4558333396914953,0.0,3.719211530761629,299.4699015697058
2024-05-29 23:36:00,0.4558333396914953,0.0,3.719211530761629,299.4699015697058
2024-05-29 23:37:00,0.4558333396914953,0.0,3.719211530761629,299.4699015697058
2024-05-29 23:38:00,0.4558333396914953,0.0,3.719211530761629,299.4699015697058
2024-05-29 23:39:00,0.4558333396914953,0.0,3.719211530761629,299.4699015697058
2024-05-29 23:40:00,0.4558333396914953,0.0,3.719211530761629,299.4699015697058
2024-05-29 23:41:00,0.4558333396914953,0.0,3.719211530761629,299.4699015697058
2024-05-29 23:42:00,0.4558333396914953,0.0,3.719211530761629,299.4699015697058
2024-05-29 23:43:00,0.4558333396914953,0.0,3.719211530761629,299.4699015697058
2024-05-29 23:44:00,0.4558333396914953,0.0,3.719211530761629,299.4699015697058
2024-05-29 23:45:00,0.4558333396914953,0.0,3.719211530761629,299.4699015697058
2024-05-29 23:46:00,0.4558333396914953,0.0,3.719211530761629,299.4699015697058
2024-05-29 23:47:00,0.4558333396914953,0.0,3.719211530761629,299.4699015697058
2024-05-29 23:48:00,0.4558333396914953,0.0,3.719211530761629,299.4699015697058
2024-05-29 23:49:00,0.4558333396914953,0.0,3.719211530761629,299.4699015697058
2024-05-29 23:50:00,0.4558333396914953,0.0,3.719211530761629,299.4699015697058
2024-05-29 23:51:00,0.4558333396914953,0.0,3.719211530761629,299.4699015697058
2024-05-29 23:52:00,0.4558333396914953,0.0,3.719211530761629,299.4699015697058
2024-05-29 23:53:00,0.4558333396914953,0.0,3.719211530761629,299.4699015697058
2024-05-29 23:54:00,0.4558333396914953,0.0,3.719211530761629,299.4699015697058
2024-05-29 23:55:00,0.4558333396914953,0.0,3.719211530761629,299.4699015697058
2024-05-29 23:56:00,0.4558333396914953,0.0,3.719211530761629,299.4699015697058
2024-05-29 23:57:00,0.4558333396914953,0.0,3.719211530761629,299.4699015697058
2024-05-29 23:58:00,0.4558333396914953,0.0,3.719211530761629,299.4699015697058
2024-05-29 23:59:00,0.4558333396914953,0.0,3.719211530761629,299.4699015697058
