Timestamp,State,state
2024-05-21 00:00:00,,1.0
2024-05-21 00:01:00,,1.0
2024-05-21 00:02:00,,1.0
2024-05-21 00:03:00,,1.0
2024-05-21 00:04:00,,1.0
2024-05-21 00:05:00,,1.0
2024-05-21 00:06:00,,0.9999999999999027
2024-05-21 00:07:00,,0.9883333333334305
2024-05-21 00:08:00,,0.9766666666667639
2024-05-21 00:09:00,,0.9650000000000972
2024-05-21 00:10:00,,0.9533333333334305
2024-05-21 00:11:00,,0.9416666666667639
2024-05-21 00:12:00,,0.9300000000000972
2024-05-21 00:13:00,,0.9183333333334306
2024-05-21 00:14:00,,0.9066666666667639
2024-05-21 00:15:00,,0.8950000000000972
2024-05-21 00:16:00,,0.8833333333334306
2024-05-21 00:17:00,,0.8716666666667638
2024-05-21 00:18:00,,0.8600000000000971
2024-05-21 00:19:00,,0.8483333333334305
2024-05-21 00:20:00,,0.8366666666667639
2024-05-21 00:21:00,,0.8250000000000972
2024-05-21 00:22:00,,0.8133333333334305
2024-05-21 00:23:00,,0.8016666666667638
2024-05-21 00:24:00,,0.7900000000000972
2024-05-21 00:25:00,,0.7783333333334306
2024-05-21 00:26:00,,0.7666666666667639
2024-05-21 00:27:00,,0.7550000000000971
2024-05-21 00:28:00,,0.7433333333334305
2024-05-21 00:29:00,,0.7316666666667638
2024-05-21 00:30:00,,0.7200000000000972
2024-05-21 00:31:00,,0.7083333333334305
2024-05-21 00:32:00,,0.6966666666667638
2024-05-21 00:33:00,,0.6850000000000972
2024-05-21 00:34:00,,0.6733333333334305
2024-05-21 00:35:00,,0.6616666666667639
2024-05-21 00:36:00,,0.6500000000000972
2024-05-21 00:37:00,,0.6383333333334305
2024-05-21 00:38:00,,0.6266666666667638
2024-05-21 00:39:00,,0.6150000000000971
2024-05-21 00:40:00,,0.6033333333334305
2024-05-21 00:41:00,,0.5916666666667638
2024-05-21 00:42:00,,0.5800000000000972
2024-05-21 00:43:00,,0.5683333333334306
2024-05-21 00:44:00,,0.556666666666764
2024-05-21 00:45:00,,0.5450000000000974
2024-05-21 00:46:00,,0.5333333333334307
2024-05-21 00:47:00,,0.5333333333334307
2024-05-21 00:48:00,,0.5333333333333334
2024-05-21 00:49:00,,0.5333333333333334
2024-05-21 00:50:00,,0.5333333333333334
2024-05-21 00:51:00,,0.5333333333333334
2024-05-21 00:52:00,,0.5333333333333334
2024-05-21 00:53:00,,0.5333333333333334
2024-05-21 00:54:00,,0.5333333333333334
2024-05-21 00:55:00,,0.5333333333333334
2024-05-21 00:56:00,,0.5333333333333334
2024-05-21 00:57:00,,0.5333333333333334
2024-05-21 00:58:00,,0.5333333333333334
2024-05-21 00:59:00,,0.5333333333333334
2024-05-21 01:00:00,,0.5333333333333334
2024-05-21 01:01:00,,0.5333333333333334
2024-05-21 01:02:00,,0.5333333333333334
2024-05-21 01:03:00,,0.5333333333333334
2024-05-21 01:04:00,,0.5333333333333334
2024-05-21 01:05:00,,0.5333333333333334
2024-05-21 01:06:00,,0.5333333333333334
2024-05-21 01:07:00,,0.5333333333333334
2024-05-21 01:08:00,,0.5333333333333334
2024-05-21 01:09:00,,0.5333333333333334
2024-05-21 01:10:00,,0.5333333333333334
2024-05-21 01:11:00,,0.5333333333333334
2024-05-21 01:12:00,,0.5333333333333334
2024-05-21 01:13:00,,0.5333333333333334
2024-05-21 01:14:00,,0.5333333333333334
2024-05-21 01:15:00,,0.5333333333333334
2024-05-21 01:16:00,,0.5333333333333334
2024-05-21 01:17:00,,0.5333333333333334
2024-05-21 01:18:00,,0.5333333333333334
2024-05-21 01:19:00,,0.5333333333333334
2024-05-21 01:20:00,,0.5333333333333334
2024-05-21 01:21:00,,0.5333333333333334
2024-05-21 01:22:00,,0.5333333333333334
2024-05-21 01:23:00,,0.5333333333333334
2024-05-21 01:24:00,,0.5333333333333334
2024-05-21 01:25:00,,0.5333333333333334
2024-05-21 01:26:00,,0.5333333333333334
2024-05-21 01:27:00,,0.5333333333333334
2024-05-21 01:28:00,,0.5333333333333334
2024-05-21 01:29:00,,0.5333333333333334
2024-05-21 01:30:00,,0.5333333333333334
2024-05-21 01:31:00,,0.5333333333333334
2024-05-21 01:32:00,,0.5333333333333334
2024-05-21 01:33:00,,0.5333333333333334
2024-05-21 01:34:00,,0.5333333333333334
2024-05-21 01:35:00,,0.5333333333333334
2024-05-21 01:36:00,,0.5333333333333334
2024-05-21 01:37:00,,0.5333333333333334
2024-05-21 01:38:00,,0.5333333333333334
2024-05-21 01:39:00,,0.5333333333333334
2024-05-21 01:40:00,,0.5333333333333334
2024-05-21 01:41:00,,0.5333333333333334
2024-05-21 01:42:00,,0.5333333333333334
2024-05-21 01:43:00,,0.5333333333333334
2024-05-21 01:44:00,,0.5333333333333334
2024-05-21 01:45:00,,0.5333333333333334
2024-05-21 01:46:00,,0.5333333333333334
2024-05-21 01:47:00,,0.5333333333333334
2024-05-21 01:48:00,,0.5333333333333334
2024-05-21 01:49:00,,0.5333333333333334
2024-05-21 01:50:00,,0.5333333333333334
2024-05-21 01:51:00,,0.5333333333333334
2024-05-21 01:52:00,,0.5333333333333334
2024-05-21 01:53:00,,0.5333333333333334
2024-05-21 01:54:00,,0.5333333333333334
2024-05-21 01:55:00,,0.5333333333333334
2024-05-21 01:56:00,,0.5333333333333334
2024-05-21 01:57:00,,0.5333333333333334
2024-05-21 01:58:00,,0.5333333333333334
2024-05-21 01:59:00,,0.5333333333333334
2024-05-21 02:00:00,,0.5333333333333334
2024-05-21 02:01:00,,0.5333333333333334
2024-05-21 02:02:00,,0.5333333333333334
2024-05-21 02:03:00,,0.5333333333333334
2024-05-21 02:04:00,,0.5333333333333334
2024-05-21 02:05:00,,0.5333333333333334
2024-05-21 02:06:00,,0.5333333333333334
2024-05-21 02:07:00,,0.5333333333333334
2024-05-21 02:08:00,,0.5333333333333334
2024-05-21 02:09:00,,0.5333333333333334
2024-05-21 02:10:00,,0.5333333333333334
2024-05-21 02:11:00,,0.5333333333333334
2024-05-21 02:12:00,,0.5333333333333334
2024-05-21 02:13:00,,0.5333333333333334
2024-05-21 02:14:00,,0.5333333333333334
2024-05-21 02:15:00,,0.5333333333333334
2024-05-21 02:16:00,,0.5333333333333334
2024-05-21 02:17:00,,0.5333333333333334
2024-05-21 02:18:00,,0.5333333333333334
2024-05-21 02:19:00,,0.5333333333333334
2024-05-21 02:20:00,,0.5333333333333334
2024-05-21 02:21:00,,0.5333333333333334
2024-05-21 02:22:00,,0.5333333333333334
2024-05-21 02:23:00,,0.5333333333333334
2024-05-21 02:24:00,,0.5333333333333334
2024-05-21 02:25:00,,0.5333333333333223
2024-05-21 02:26:00,,0.5320000000000112
2024-05-21 02:27:00,,0.5306666666666778
2024-05-21 02:28:00,,0.5293333333333445
2024-05-21 02:29:00,,0.5280000000000112
2024-05-21 02:30:00,,0.5266666666666779
2024-05-21 02:31:00,,0.5253333333333445
2024-05-21 02:32:00,,0.5240000000000112
2024-05-21 02:33:00,,0.5226666666666779
2024-05-21 02:34:00,,0.5213333333333445
2024-05-21 02:35:00,,0.5200000000000112
2024-05-21 02:36:00,,0.5186666666666779
2024-05-21 02:37:00,,0.5173333333333445
2024-05-21 02:38:00,,0.5160000000000112
2024-05-21 02:39:00,,0.5146666666666779
2024-05-21 02:40:00,,0.5133333333333445
2024-05-21 02:41:00,,0.5120000000000112
2024-05-21 02:42:00,,0.5106666666666779
2024-05-21 02:43:00,,0.5093333333333445
2024-05-21 02:44:00,,0.5080000000000112
2024-05-21 02:45:00,,0.5066666666666779
2024-05-21 02:46:00,,0.5053333333333445
2024-05-21 02:47:00,,0.5040000000000112
2024-05-21 02:48:00,,0.5026666666666779
2024-05-21 02:49:00,,0.5013333333333445
2024-05-21 02:50:00,,0.5000000000000112
2024-05-21 02:51:00,,0.4986666666666779
2024-05-21 02:52:00,,0.49733333333334456
2024-05-21 02:53:00,,0.4960000000000112
2024-05-21 02:54:00,,0.4946666666666779
2024-05-21 02:55:00,,0.49333333333334456
2024-05-21 02:56:00,,0.49200000000001126
2024-05-21 02:57:00,,0.4906666666666779
2024-05-21 02:58:00,,0.4893333333333446
2024-05-21 02:59:00,,0.48800000000001126
2024-05-21 03:00:00,,0.4866666666666779
2024-05-21 03:01:00,,0.4853333333333446
2024-05-21 03:02:00,,0.48400000000001125
2024-05-21 03:03:00,,0.4826666666666779
2024-05-21 03:04:00,,0.4813333333333446
2024-05-21 03:05:00,,0.48000000000001125
2024-05-21 03:06:00,,0.47866666666667795
2024-05-21 03:07:00,,0.4773333333333446
2024-05-21 03:08:00,,0.47600000000001125
2024-05-21 03:09:00,,0.47466666666667795
2024-05-21 03:10:00,,0.4733333333333446
2024-05-21 03:11:00,,0.4720000000000113
2024-05-21 03:12:00,,0.47066666666667795
2024-05-21 03:13:00,,0.4693333333333446
2024-05-21 03:14:00,,0.4680000000000113
2024-05-21 03:15:00,,0.46666666666667794
2024-05-21 03:16:00,,0.4653333333333446
2024-05-21 03:17:00,,0.4640000000000113
2024-05-21 03:18:00,,0.462666666666678
2024-05-21 03:19:00,,0.46133333333334464
2024-05-21 03:20:00,,0.4600000000000113
2024-05-21 03:21:00,,0.458666666666678
2024-05-21 03:22:00,,0.45733333333334464
2024-05-21 03:23:00,,0.4560000000000113
2024-05-21 03:24:00,,0.454666666666678
2024-05-21 03:25:00,,0.45333333333334463
2024-05-21 03:26:00,,0.4520000000000113
2024-05-21 03:27:00,,0.450666666666678
2024-05-21 03:28:00,,0.4493333333333447
2024-05-21 03:29:00,,0.44800000000001133
2024-05-21 03:30:00,,0.446666666666678
2024-05-21 03:31:00,,0.4453333333333447
2024-05-21 03:32:00,,0.44400000000001133
2024-05-21 03:33:00,,0.442666666666678
2024-05-21 03:34:00,,0.4413333333333447
2024-05-21 03:35:00,,0.4400000000000113
2024-05-21 03:36:00,,0.438666666666678
2024-05-21 03:37:00,,0.4373333333333447
2024-05-21 03:38:00,,0.4360000000000114
2024-05-21 03:39:00,,0.434666666666678
2024-05-21 03:40:00,,0.4333333333333447
2024-05-21 03:41:00,,0.4320000000000114
2024-05-21 03:42:00,,0.430666666666678
2024-05-21 03:43:00,,0.42933333333334467
2024-05-21 03:44:00,,0.4280000000000113
2024-05-21 03:45:00,,0.42666666666667796
2024-05-21 03:46:00,,0.42533333333334467
2024-05-21 03:47:00,,0.4240000000000113
2024-05-21 03:48:00,,0.42266666666667796
2024-05-21 03:49:00,,0.4213333333333446
2024-05-21 03:50:00,,0.42000000000001125
2024-05-21 03:51:00,,0.41866666666667796
2024-05-21 03:52:00,,0.4173333333333446
2024-05-21 03:53:00,,0.41600000000001125
2024-05-21 03:54:00,,0.4146666666666779
2024-05-21 03:55:00,,0.41333333333334454
2024-05-21 03:56:00,,0.41200000000001125
2024-05-21 03:57:00,,0.4106666666666779
2024-05-21 03:58:00,,0.40933333333334454
2024-05-21 03:59:00,,0.4080000000000112
2024-05-21 04:00:00,,0.40666666666667783
2024-05-21 04:01:00,,0.40533333333334454
2024-05-21 04:02:00,,0.4040000000000112
2024-05-21 04:03:00,,0.40266666666667783
2024-05-21 04:04:00,,0.4013333333333445
2024-05-21 04:05:00,,0.4000000000000111
2024-05-21 04:06:00,,0.3986666666666778
2024-05-21 04:07:00,,0.3973333333333445
2024-05-21 04:08:00,,0.3960000000000111
2024-05-21 04:09:00,,0.39466666666667777
2024-05-21 04:10:00,,0.3933333333333444
2024-05-21 04:11:00,,0.3920000000000111
2024-05-21 04:12:00,,0.39066666666667776
2024-05-21 04:13:00,,0.3893333333333444
2024-05-21 04:14:00,,0.38800000000001106
2024-05-21 04:15:00,,0.3866666666666777
2024-05-21 04:16:00,,0.3853333333333444
2024-05-21 04:17:00,,0.38400000000001105
2024-05-21 04:18:00,,0.3826666666666777
2024-05-21 04:19:00,,0.38133333333334435
2024-05-21 04:20:00,,0.380000000000011
2024-05-21 04:21:00,,0.3786666666666777
2024-05-21 04:22:00,,0.37733333333334435
2024-05-21 04:23:00,,0.376000000000011
2024-05-21 04:24:00,,0.37466666666667764
2024-05-21 04:25:00,,0.3733333333333443
2024-05-21 04:26:00,,0.372000000000011
2024-05-21 04:27:00,,0.37066666666667764
2024-05-21 04:28:00,,0.3693333333333443
2024-05-21 04:29:00,,0.36800000000001093
2024-05-21 04:30:00,,0.3666666666666776
2024-05-21 04:31:00,,0.3653333333333443
2024-05-21 04:32:00,,0.3640000000000109
2024-05-21 04:33:00,,0.3626666666666776
2024-05-21 04:34:00,,0.3613333333333442
2024-05-21 04:35:00,,0.36000000000001087
2024-05-21 04:36:00,,0.35866666666667757
2024-05-21 04:37:00,,0.3573333333333442
2024-05-21 04:38:00,,0.35600000000001086
2024-05-21 04:39:00,,0.3546666666666775
2024-05-21 04:40:00,,0.35333333333334416
2024-05-21 04:41:00,,0.35200000000001086
2024-05-21 04:42:00,,0.3506666666666775
2024-05-21 04:43:00,,0.34933333333334415
2024-05-21 04:44:00,,0.3480000000000108
2024-05-21 04:45:00,,0.34666666666667745
2024-05-21 04:46:00,,0.34533333333334415
2024-05-21 04:47:00,,0.3440000000000108
2024-05-21 04:48:00,,0.34266666666667744
2024-05-21 04:49:00,,0.3413333333333441
2024-05-21 04:50:00,,0.34000000000001074
2024-05-21 04:51:00,,0.33866666666667744
2024-05-21 04:52:00,,0.3373333333333441
2024-05-21 04:53:00,,0.33600000000001073
2024-05-21 04:54:00,,0.3346666666666774
2024-05-21 04:55:00,,0.33333333333334403
2024-05-21 04:56:00,,0.33200000000001073
2024-05-21 04:57:00,,0.33066666666667743
2024-05-21 04:58:00,,0.3293333333333441
2024-05-21 04:59:00,,0.3280000000000108
2024-05-21 05:00:00,,0.32666666666667743
2024-05-21 05:01:00,,0.32533333333334413
2024-05-21 05:02:00,,0.32400000000001083
2024-05-21 05:03:00,,0.3226666666666775
2024-05-21 05:04:00,,0.3213333333333442
2024-05-21 05:05:00,,0.32000000000001083
2024-05-21 05:06:00,,0.31866666666667753
2024-05-21 05:07:00,,0.31733333333334424
2024-05-21 05:08:00,,0.3160000000000109
2024-05-21 05:09:00,,0.3146666666666776
2024-05-21 05:10:00,,0.31333333333334423
2024-05-21 05:11:00,,0.31200000000001094
2024-05-21 05:12:00,,0.31066666666667764
2024-05-21 05:13:00,,0.3093333333333443
2024-05-21 05:14:00,,0.308000000000011
2024-05-21 05:15:00,,0.30666666666667763
2024-05-21 05:16:00,,0.30533333333334434
2024-05-21 05:17:00,,0.30400000000001104
2024-05-21 05:18:00,,0.3026666666666777
2024-05-21 05:19:00,,0.3013333333333444
2024-05-21 05:20:00,,0.30000000000001104
2024-05-21 05:21:00,,0.29866666666667774
2024-05-21 05:22:00,,0.29733333333334444
2024-05-21 05:23:00,,0.2960000000000111
2024-05-21 05:24:00,,0.2946666666666778
2024-05-21 05:25:00,,0.29333333333334444
2024-05-21 05:26:00,,0.29200000000001114
2024-05-21 05:27:00,,0.29066666666667784
2024-05-21 05:28:00,,0.2893333333333445
2024-05-21 05:29:00,,0.2880000000000112
2024-05-21 05:30:00,,0.28666666666667784
2024-05-21 05:31:00,,0.28533333333334454
2024-05-21 05:32:00,,0.28400000000001124
2024-05-21 05:33:00,,0.2826666666666779
2024-05-21 05:34:00,,0.2813333333333446
2024-05-21 05:35:00,,0.28000000000001124
2024-05-21 05:36:00,,0.27866666666667794
2024-05-21 05:37:00,,0.27733333333334464
2024-05-21 05:38:00,,0.2760000000000113
2024-05-21 05:39:00,,0.274666666666678
2024-05-21 05:40:00,,0.27333333333334464
2024-05-21 05:41:00,,0.27200000000001134
2024-05-21 05:42:00,,0.27066666666667805
2024-05-21 05:43:00,,0.2693333333333447
2024-05-21 05:44:00,,0.2680000000000114
2024-05-21 05:45:00,,0.26666666666667804
2024-05-21 05:46:00,,0.26533333333334475
2024-05-21 05:47:00,,0.26400000000001145
2024-05-21 05:48:00,,0.2626666666666781
2024-05-21 05:49:00,,0.2613333333333448
2024-05-21 05:50:00,,0.26000000000001144
2024-05-21 05:51:00,,0.25866666666667815
2024-05-21 05:52:00,,0.25733333333334485
2024-05-21 05:53:00,,0.2560000000000115
2024-05-21 05:54:00,,0.2546666666666782
2024-05-21 05:55:00,,0.25333333333334485
2024-05-21 05:56:00,,0.25200000000001155
2024-05-21 05:57:00,,0.25066666666667825
2024-05-21 05:58:00,,0.2493333333333449
2024-05-21 05:59:00,,0.2480000000000116
2024-05-21 06:00:00,,0.24666666666667825
2024-05-21 06:01:00,,0.24533333333334495
2024-05-21 06:02:00,,0.24400000000001165
2024-05-21 06:03:00,,0.2426666666666783
2024-05-21 06:04:00,,0.241333333333345
2024-05-21 06:05:00,,0.24000000000001165
2024-05-21 06:06:00,,0.23866666666667835
2024-05-21 06:07:00,,0.23733333333334505
2024-05-21 06:08:00,,0.2360000000000117
2024-05-21 06:09:00,,0.2346666666666784
2024-05-21 06:10:00,,0.23333333333334505
2024-05-21 06:11:00,,0.23200000000001175
2024-05-21 06:12:00,,0.23066666666667845
2024-05-21 06:13:00,,0.2293333333333451
2024-05-21 06:14:00,,0.2280000000000118
2024-05-21 06:15:00,,0.22666666666667845
2024-05-21 06:16:00,,0.22533333333334515
2024-05-21 06:17:00,,0.22400000000001186
2024-05-21 06:18:00,,0.2226666666666785
2024-05-21 06:19:00,,0.2213333333333452
2024-05-21 06:20:00,,0.22000000000001185
2024-05-21 06:21:00,,0.21866666666667856
2024-05-21 06:22:00,,0.21733333333334526
2024-05-21 06:23:00,,0.2160000000000119
2024-05-21 06:24:00,,0.2146666666666786
2024-05-21 06:25:00,,0.21333333333334525
2024-05-21 06:26:00,,0.21200000000001196
2024-05-21 06:27:00,,0.21066666666667866
2024-05-21 06:28:00,,0.2093333333333453
2024-05-21 06:29:00,,0.208000000000012
2024-05-21 06:30:00,,0.20666666666667866
2024-05-21 06:31:00,,0.20533333333334536
2024-05-21 06:32:00,,0.20400000000001206
2024-05-21 06:33:00,,0.20400000000001206
2024-05-21 06:34:00,,0.20400000000000096
2024-05-21 06:35:00,,0.20400000000000096
2024-05-21 06:36:00,,0.20400000000000096
2024-05-21 06:37:00,,0.20400000000000096
2024-05-21 06:38:00,,0.20400000000000096
2024-05-21 06:39:00,,0.20400000000000096
2024-05-21 06:40:00,,0.20400000000000096
2024-05-21 06:41:00,,0.20400000000000096
2024-05-21 06:42:00,,0.20400000000000096
2024-05-21 06:43:00,,0.20400000000000096
2024-05-21 06:44:00,,0.20400000000000096
2024-05-21 06:45:00,,0.20400000000000096
2024-05-21 06:46:00,,0.20400000000000096
2024-05-21 06:47:00,,0.20400000000000096
2024-05-21 06:48:00,,0.20400000000000096
2024-05-21 06:49:00,,0.20400000000000096
2024-05-21 06:50:00,,0.20400000000000096
2024-05-21 06:51:00,,0.20400000000000096
2024-05-21 06:52:00,,0.20400000000000096
2024-05-21 06:53:00,,0.20400000000000096
2024-05-21 06:54:00,,0.20400000000000096
2024-05-21 06:55:00,,0.20400000000000096
2024-05-21 06:56:00,,0.20400000000000096
2024-05-21 06:57:00,,0.20400000000000096
2024-05-21 06:58:00,,0.20400000000000096
2024-05-21 06:59:00,,0.20400000000000096
2024-05-21 07:00:00,,0.20400000000000096
2024-05-21 07:01:00,,0.20400000000000096
2024-05-21 07:02:00,,0.20400000000000096
2024-05-21 07:03:00,,0.20400000000000096
2024-05-21 07:04:00,,0.20400000000000096
2024-05-21 07:05:00,,0.20400000000000096
2024-05-21 07:06:00,,0.21150000393390656
2024-05-21 07:07:00,,0.22316665947437286
2024-05-21 07:08:00,,0.24400000274181366
2024-05-21 07:09:00,,0.2473333328962326
2024-05-21 07:10:00,,0.27149999141693115
2024-05-21 07:11:00,,0.2848333418369293
2024-05-21 07:12:00,,0.2931666672229767
2024-05-21 07:13:00,,0.3031666576862335
2024-05-21 07:14:00,,0.32899999618530273
2024-05-21 07:15:00,,0.35233333706855774
2024-05-21 07:16:00,,0.3648333251476288
2024-05-21 07:17:00,,0.3714999854564667
2024-05-21 07:18:00,,0.3956666588783264
2024-05-21 07:19:00,,0.41316667199134827
2024-05-21 07:20:00,,0.4256666600704193
2024-05-21 07:21:00,,0.43566668033599854
2024-05-21 07:22:00,,0.45233333110809326
2024-05-21 07:23:00,,0.46149998903274536
2024-05-21 07:24:00,,0.4806666672229767
2024-05-21 07:25:00,,0.5073333382606506
2024-05-21 07:26:00,,0.5364999771118164
2024-05-21 07:27:00,,0.5398333072662354
2024-05-21 07:28:00,,0.5456666946411133
2024-05-21 07:29:00,,0.549833357334137
2024-05-21 07:30:00,,0.5665000081062317
2024-05-21 07:31:00,,0.578166663646698
2024-05-21 07:32:00,,0.593999981880188
2024-05-21 07:33:00,,0.612333357334137
2024-05-21 07:34:00,,0.6165000200271606
2024-05-21 07:35:00,,0.6190000176429749
2024-05-21 07:36:00,,0.6215000152587891
2024-05-21 07:37:00,,0.6265000104904175
2024-05-21 07:38:00,,0.637333333492279
2024-05-21 07:39:00,,0.6456666588783264
2024-05-21 07:40:00,,0.6756666898727417
2024-05-21 07:41:00,,0.6898333430290222
2024-05-21 07:42:00,,0.7131666541099548
2024-05-21 07:43:00,,0.7348333597183228
2024-05-21 07:44:00,,0.7431666851043701
2024-05-21 07:45:00,,0.7706666588783264
2024-05-21 07:46:00,,0.7956666946411133
2024-05-21 07:47:00,,0.8056666851043701
2024-05-21 07:48:00,,0.8140000104904175
2024-05-21 07:49:00,,0.8489999771118164
2024-05-21 07:50:00,,0.859000027179718
2024-05-21 07:51:00,,0.8815000057220459
2024-05-21 07:52:00,,0.903166651725769
2024-05-21 07:53:00,,0.9265000224113464
2024-05-21 07:54:00,,0.9440000057220459
2024-05-21 07:55:00,,0.9764999747276306
2024-05-21 07:56:00,,0.987333357334137
2024-05-21 07:57:00,,1.0089999437332153
2024-05-21 07:58:00,,1.0
2024-05-21 07:59:00,,1.00000000000025
2024-05-21 08:00:00,,1.00000000000025
2024-05-21 08:01:00,,1.00000000000025
2024-05-21 08:02:00,,1.00000000000025
2024-05-21 08:03:00,,1.00000000000025
2024-05-21 08:04:00,,1.000000000000157
2024-05-21 08:05:00,,0.9888333333336764
2024-05-21 08:06:00,,0.9776666666670097
2024-05-21 08:07:00,,0.9665000000003431
2024-05-21 08:08:00,,0.9553333333336764
2024-05-21 08:09:00,,0.9441666666670098
2024-05-21 08:10:00,,0.9330000000003431
2024-05-21 08:11:00,,0.9218333333336765
2024-05-21 08:12:00,,0.9106666666670098
2024-05-21 08:13:00,,0.8995000000003431
2024-05-21 08:14:00,,0.8883333333336765
2024-05-21 08:15:00,,0.8771666666670098
2024-05-21 08:16:00,,0.8660000000003432
2024-05-21 08:17:00,,0.8548333333336765
2024-05-21 08:18:00,,0.8436666666670098
2024-05-21 08:19:00,,0.8325000000003432
2024-05-21 08:20:00,,0.8213333333336765
2024-05-21 08:21:00,,0.8101666666670099
2024-05-21 08:22:00,,0.7990000000003432
2024-05-21 08:23:00,,0.7878333333336764
2024-05-21 08:24:00,,0.7766666666670098
2024-05-21 08:25:00,,0.7655000000003431
2024-05-21 08:26:00,,0.7543333333336765
2024-05-21 08:27:00,,0.7431666666670098
2024-05-21 08:28:00,,0.732000000000343
2024-05-21 08:29:00,,0.7208333333336764
2024-05-21 08:30:00,,0.7096666666670097
2024-05-21 08:31:00,,0.6985000000003431
2024-05-21 08:32:00,,0.6873333333336764
2024-05-21 08:33:00,,0.6761666666670096
2024-05-21 08:34:00,,0.665000000000343
2024-05-21 08:35:00,,0.665000000000343
2024-05-21 08:36:00,,0.6650000000002498
2024-05-21 08:37:00,,0.6650000000002498
2024-05-21 08:38:00,,0.6650000000002498
2024-05-21 08:39:00,,0.6650000000002498
2024-05-21 08:40:00,,0.6650000000002498
2024-05-21 08:41:00,,0.6650000000002498
2024-05-21 08:42:00,,0.6650000000002498
2024-05-21 08:43:00,,0.6650000000002498
2024-05-21 08:44:00,,0.6650000000002498
2024-05-21 08:45:00,,0.6650000000002498
2024-05-21 08:46:00,,0.6650000000002498
2024-05-21 08:47:00,,0.6650000000002498
2024-05-21 08:48:00,,0.6650000000002498
2024-05-21 08:49:00,,0.6650000000002498
2024-05-21 08:50:00,,0.6650000000002498
2024-05-21 08:51:00,,0.6650000000002498
2024-05-21 08:52:00,,0.6650000000002498
2024-05-21 08:53:00,,0.6650000000002498
2024-05-21 08:54:00,,0.6650000000002498
2024-05-21 08:55:00,,0.6650000000002498
2024-05-21 08:56:00,,0.6650000000002498
2024-05-21 08:57:00,,0.6650000000002498
2024-05-21 08:58:00,,0.6650000000002498
2024-05-21 08:59:00,,0.6650000000002498
2024-05-21 09:00:00,,0.6650000000002498
2024-05-21 09:01:00,,0.6650000000002498
2024-05-21 09:02:00,,0.6650000000002498
2024-05-21 09:03:00,,0.6650000000002498
2024-05-21 09:04:00,,0.6650000000002498
2024-05-21 09:05:00,,0.6650000000002498
2024-05-21 09:06:00,,0.6650000000002498
2024-05-21 09:07:00,,0.6650000000002498
2024-05-21 09:08:00,,0.6650000000002498
2024-05-21 09:09:00,,0.6650000000002498
2024-05-21 09:10:00,,0.6650000000002498
2024-05-21 09:11:00,,0.6650000000002498
2024-05-21 09:12:00,,0.6650000000002498
2024-05-21 09:13:00,,0.6650000000002498
2024-05-21 09:14:00,,0.6650000000002498
2024-05-21 09:15:00,,0.6650000000002498
2024-05-21 09:16:00,,0.6650000000002498
2024-05-21 09:17:00,,0.6650000000002498
2024-05-21 09:18:00,,0.6650000000002498
2024-05-21 09:19:00,,0.6650000000002498
2024-05-21 09:20:00,,0.6650000000002498
2024-05-21 09:21:00,,0.6650000000002498
2024-05-21 09:22:00,,0.6650000000002498
2024-05-21 09:23:00,,0.6650000000002498
2024-05-21 09:24:00,,0.6650000000002498
2024-05-21 09:25:00,,0.6650000000002498
2024-05-21 09:26:00,,0.6650000000002498
2024-05-21 09:27:00,,0.6650000000002498
2024-05-21 09:28:00,,0.6650000000002345
2024-05-21 09:29:00,,0.6631666666669318
2024-05-21 09:30:00,,0.6613333333335984
2024-05-21 09:31:00,,0.6595000000002651
2024-05-21 09:32:00,,0.6576666666669317
2024-05-21 09:33:00,,0.6558333333335985
2024-05-21 09:34:00,,0.6540000000002651
2024-05-21 09:35:00,,0.6521666666669318
2024-05-21 09:36:00,,0.6503333333335984
2024-05-21 09:37:00,,0.6485000000002651
2024-05-21 09:38:00,,0.6466666666669317
2024-05-21 09:39:00,,0.6448333333335985
2024-05-21 09:40:00,,0.6430000000002651
2024-05-21 09:41:00,,0.6411666666669318
2024-05-21 09:42:00,,0.6393333333335984
2024-05-21 09:43:00,,0.6375000000002651
2024-05-21 09:44:00,,0.6356666666669318
2024-05-21 09:45:00,,0.6338333333335985
2024-05-21 09:46:00,,0.6320000000002651
2024-05-21 09:47:00,,0.6301666666669318
2024-05-21 09:48:00,,0.6283333333335984
2024-05-21 09:49:00,,0.6265000000002652
2024-05-21 09:50:00,,0.6246666666669318
2024-05-21 09:51:00,,0.6228333333335985
2024-05-21 09:52:00,,0.6210000000002651
2024-05-21 09:53:00,,0.6191666666669318
2024-05-21 09:54:00,,0.6173333333335985
2024-05-21 09:55:00,,0.6155000000002652
2024-05-21 09:56:00,,0.6136666666669318
2024-05-21 09:57:00,,0.6118333333335985
2024-05-21 09:58:00,,0.6100000000002651
2024-05-21 09:59:00,,0.6081666666669319
2024-05-21 10:00:00,,0.6063333333335985
2024-05-21 10:01:00,,0.6045000000002652
2024-05-21 10:02:00,,0.6026666666669318
2024-05-21 10:03:00,,0.6008333333335985
2024-05-21 10:04:00,,0.5990000000002651
2024-05-21 10:05:00,,0.5971666666669319
2024-05-21 10:06:00,,0.5953333333335985
2024-05-21 10:07:00,,0.5935000000002651
2024-05-21 10:08:00,,0.5916666666669318
2024-05-21 10:09:00,,0.5898333333335986
2024-05-21 10:10:00,,0.5880000000002652
2024-05-21 10:11:00,,0.5861666666669318
2024-05-21 10:12:00,,0.5843333333335985
2024-05-21 10:13:00,,0.5825000000002651
2024-05-21 10:14:00,,0.5806666666669318
2024-05-21 10:15:00,,0.5788333333335985
2024-05-21 10:16:00,,0.5770000000002652
2024-05-21 10:17:00,,0.5751666666669318
2024-05-21 10:18:00,,0.5733333333335985
2024-05-21 10:19:00,,0.5715000000002652
2024-05-21 10:20:00,,0.5696666666669319
2024-05-21 10:21:00,,0.5678333333335985
2024-05-21 10:22:00,,0.5660000000002652
2024-05-21 10:23:00,,0.5641666666669318
2024-05-21 10:24:00,,0.5623333333335985
2024-05-21 10:25:00,,0.5605000000002652
2024-05-21 10:26:00,,0.5586666666669319
2024-05-21 10:27:00,,0.5568333333335985
2024-05-21 10:28:00,,0.5550000000002652
2024-05-21 10:29:00,,0.5531666666669318
2024-05-21 10:30:00,,0.5513333333335986
2024-05-21 10:31:00,,0.5495000000002652
2024-05-21 10:32:00,,0.5476666666669319
2024-05-21 10:33:00,,0.5458333333335985
2024-05-21 10:34:00,,0.5440000000002652
2024-05-21 10:35:00,,0.5421666666669319
2024-05-21 10:36:00,,0.5403333333335986
2024-05-21 10:37:00,,0.5385000000002652
2024-05-21 10:38:00,,0.5366666666669319
2024-05-21 10:39:00,,0.5348333333335986
2024-05-21 10:40:00,,0.5330000000002653
2024-05-21 10:41:00,,0.5311666666669319
2024-05-21 10:42:00,,0.5293333333335986
2024-05-21 10:43:00,,0.5275000000002652
2024-05-21 10:44:00,,0.5256666666669318
2024-05-21 10:45:00,,0.5238333333335985
2024-05-21 10:46:00,,0.5220000000002653
2024-05-21 10:47:00,,0.5201666666669319
2024-05-21 10:48:00,,0.5183333333335985
2024-05-21 10:49:00,,0.5165000000002653
2024-05-21 10:50:00,,0.514666666666932
2024-05-21 10:51:00,,0.5128333333335986
2024-05-21 10:52:00,,0.5110000000002652
2024-05-21 10:53:00,,0.5091666666669319
2024-05-21 10:54:00,,0.5073333333335985
2024-05-21 10:55:00,,0.5055000000002652
2024-05-21 10:56:00,,0.5036666666669319
2024-05-21 10:57:00,,0.5018333333335986
2024-05-21 10:58:00,,0.5000000000002652
2024-05-21 10:59:00,,0.49816666666693193
2024-05-21 11:00:00,,0.4963333333335986
2024-05-21 11:01:00,,0.4945000000002653
2024-05-21 11:02:00,,0.49266666666693193
2024-05-21 11:03:00,,0.4908333333335986
2024-05-21 11:04:00,,0.4890000000002653
2024-05-21 11:05:00,,0.4871666666669319
2024-05-21 11:06:00,,0.4853333333335986
2024-05-21 11:07:00,,0.4835000000002653
2024-05-21 11:08:00,,0.4816666666669319
2024-05-21 11:09:00,,0.4798333333335986
2024-05-21 11:10:00,,0.47800000000026527
2024-05-21 11:11:00,,0.47616666666693197
2024-05-21 11:12:00,,0.4743333333335986
2024-05-21 11:13:00,,0.47250000000026526
2024-05-21 11:14:00,,0.47066666666693197
2024-05-21 11:15:00,,0.4688333333335986
2024-05-21 11:16:00,,0.4670000000002653
2024-05-21 11:17:00,,0.46516666666693196
2024-05-21 11:18:00,,0.4633333333335986
2024-05-21 11:19:00,,0.46150000000026525
2024-05-21 11:20:00,,0.4596666666669319
2024-05-21 11:21:00,,0.45783333333359855
2024-05-21 11:22:00,,0.4560000000002652
2024-05-21 11:23:00,,0.45416666666693184
2024-05-21 11:24:00,,0.4523333333335985
2024-05-21 11:25:00,,0.45050000000026513
2024-05-21 11:26:00,,0.4486666666669318
2024-05-21 11:27:00,,0.4468333333335984
2024-05-21 11:28:00,,0.4450000000002651
2024-05-21 11:29:00,,0.4431666666669317
2024-05-21 11:30:00,,0.44133333333359837
2024-05-21 11:31:00,,0.439500000000265
2024-05-21 11:32:00,,0.43766666666693166
2024-05-21 11:33:00,,0.4358333333335983
2024-05-21 11:34:00,,0.43400000000026495
2024-05-21 11:35:00,,0.4321666666669316
2024-05-21 11:36:00,,0.43033333333359824
2024-05-21 11:37:00,,0.4285000000002649
2024-05-21 11:38:00,,0.42666666666693154
2024-05-21 11:39:00,,0.4248333333335982
2024-05-21 11:40:00,,0.42300000000026483
2024-05-21 11:41:00,,0.4211666666669315
2024-05-21 11:42:00,,0.4193333333335981
2024-05-21 11:43:00,,0.41750000000026477
2024-05-21 11:44:00,,0.4156666666669314
2024-05-21 11:45:00,,0.41383333333359806
2024-05-21 11:46:00,,0.4120000000002647
2024-05-21 11:47:00,,0.41016666666693136
2024-05-21 11:48:00,,0.408333333333598
2024-05-21 11:49:00,,0.40650000000026465
2024-05-21 11:50:00,,0.4046666666669313
2024-05-21 11:51:00,,0.40283333333359794
2024-05-21 11:52:00,,0.4010000000002646
2024-05-21 11:53:00,,0.39916666666693124
2024-05-21 11:54:00,,0.3973333333335979
2024-05-21 11:55:00,,0.39550000000026453
2024-05-21 11:56:00,,0.3936666666669312
2024-05-21 11:57:00,,0.3918333333335978
2024-05-21 11:58:00,,0.39000000000026447
2024-05-21 11:59:00,,0.3881666666669311
2024-05-21 12:00:00,,0.38633333333359776
2024-05-21 12:01:00,,0.3845000000002644
2024-05-21 12:02:00,,0.38266666666693105
2024-05-21 12:03:00,,0.3808333333335977
2024-05-21 12:04:00,,0.37900000000026435
2024-05-21 12:05:00,,0.377166666666931
2024-05-21 12:06:00,,0.37533333333359764
2024-05-21 12:07:00,,0.3735000000002643
2024-05-21 12:08:00,,0.37166666666693093
2024-05-21 12:09:00,,0.3698333333335976
2024-05-21 12:10:00,,0.3680000000002642
2024-05-21 12:11:00,,0.3661666666669309
2024-05-21 12:12:00,,0.3643333333335975
2024-05-21 12:13:00,,0.36250000000026417
2024-05-21 12:14:00,,0.3606666666669308
2024-05-21 12:15:00,,0.35883333333359746
2024-05-21 12:16:00,,0.3570000000002641
2024-05-21 12:17:00,,0.35516666666693075
2024-05-21 12:18:00,,0.3533333333335974
2024-05-21 12:19:00,,0.35150000000026405
2024-05-21 12:20:00,,0.3496666666669307
2024-05-21 12:21:00,,0.34783333333359734
2024-05-21 12:22:00,,0.346000000000264
2024-05-21 12:23:00,,0.34416666666693063
2024-05-21 12:24:00,,0.3423333333335973
2024-05-21 12:25:00,,0.3405000000002639
2024-05-21 12:26:00,,0.33866666666693057
2024-05-21 12:27:00,,0.3368333333335972
2024-05-21 12:28:00,,0.33500000000026386
2024-05-21 12:29:00,,0.3331666666669305
2024-05-21 12:30:00,,0.33133333333359716
2024-05-21 12:31:00,,0.3295000000002638
2024-05-21 12:32:00,,0.32766666666693045
2024-05-21 12:33:00,,0.3258333333335971
2024-05-21 12:34:00,,0.32400000000026374
2024-05-21 12:35:00,,0.3221666666669304
2024-05-21 12:36:00,,0.32033333333359704
2024-05-21 12:37:00,,0.3185000000002637
2024-05-21 12:38:00,,0.31666666666693033
2024-05-21 12:39:00,,0.314833333333597
2024-05-21 12:40:00,,0.3130000000002636
2024-05-21 12:41:00,,0.31116666666693027
2024-05-21 12:42:00,,0.3093333333335969
2024-05-21 12:43:00,,0.30750000000026356
2024-05-21 12:44:00,,0.3056666666669302
2024-05-21 12:45:00,,0.30383333333359686
2024-05-21 12:46:00,,0.3020000000002635
2024-05-21 12:47:00,,0.30016666666693015
2024-05-21 12:48:00,,0.2983333333335968
2024-05-21 12:49:00,,0.29650000000026344
2024-05-21 12:50:00,,0.2946666666669301
2024-05-21 12:51:00,,0.29283333333359673
2024-05-21 12:52:00,,0.2910000000002634
2024-05-21 12:53:00,,0.28916666666693003
2024-05-21 12:54:00,,0.2873333333335967
2024-05-21 12:55:00,,0.2855000000002633
2024-05-21 12:56:00,,0.28366666666692997
2024-05-21 12:57:00,,0.2818333333335966
2024-05-21 12:58:00,,0.28000000000026326
2024-05-21 12:59:00,,0.2781666666669299
2024-05-21 13:00:00,,0.27633333333359655
2024-05-21 13:01:00,,0.2745000000002632
2024-05-21 13:02:00,,0.27266666666692985
2024-05-21 13:03:00,,0.2708333333335965
2024-05-21 13:04:00,,0.26900000000026314
2024-05-21 13:05:00,,0.2671666666669298
2024-05-21 13:06:00,,0.26533333333359643
2024-05-21 13:07:00,,0.2635000000002631
2024-05-21 13:08:00,,0.2616666666669297
2024-05-21 13:09:00,,0.2598333333335964
2024-05-21 13:10:00,,0.258000000000263
2024-05-21 13:11:00,,0.25616666666692967
2024-05-21 13:12:00,,0.2543333333335963
2024-05-21 13:13:00,,0.25250000000026296
2024-05-21 13:14:00,,0.2506666666669296
2024-05-21 13:15:00,,0.24883333333359625
2024-05-21 13:16:00,,0.2470000000002629
2024-05-21 13:17:00,,0.24516666666692954
2024-05-21 13:18:00,,0.2433333333335962
2024-05-21 13:19:00,,0.24150000000026284
2024-05-21 13:20:00,,0.23966666666692948
2024-05-21 13:21:00,,0.23783333333359613
2024-05-21 13:22:00,,0.23600000000026278
2024-05-21 13:23:00,,0.23416666666692942
2024-05-21 13:24:00,,0.23233333333359607
2024-05-21 13:25:00,,0.23050000000026272
2024-05-21 13:26:00,,0.22866666666692936
2024-05-21 13:27:00,,0.226833333333596
2024-05-21 13:28:00,,0.22500000000026266
2024-05-21 13:29:00,,0.2231666666669293
2024-05-21 13:30:00,,0.22133333333359595
2024-05-21 13:31:00,,0.2195000000002626
2024-05-21 13:32:00,,0.2195000000002626
2024-05-21 13:33:00,,0.2195000000002473
2024-05-21 13:34:00,,0.2195000000002473
2024-05-21 13:35:00,,0.2195000000002473
2024-05-21 13:36:00,,0.2195000000002473
2024-05-21 13:37:00,,0.2195000000002473
2024-05-21 13:38:00,,0.2195000000002473
2024-05-21 13:39:00,,0.2195000000002473
2024-05-21 13:40:00,,0.2195000000002473
2024-05-21 13:41:00,,0.2195000000002473
2024-05-21 13:42:00,,0.2195000000002473
2024-05-21 13:43:00,,0.2195000000002473
2024-05-21 13:44:00,,0.23533333837985992
2024-05-21 13:45:00,,0.257833331823349
2024-05-21 13:46:00,,0.281166672706604
2024-05-21 13:47:00,,0.29866665601730347
2024-05-21 13:48:00,,0.3061666786670685
2024-05-21 13:49:00,,0.3244999945163727
2024-05-21 13:50:00,,0.34450000524520874
2024-05-21 13:51:00,,0.359499990940094
2024-05-21 13:52:00,,0.36783334612846375
2024-05-21 13:53:00,,0.3869999945163727
2024-05-21 13:54:00,,0.4011666774749756
2024-05-21 13:55:00,,0.4111666679382324
2024-05-21 13:56:00,,0.43033334612846375
2024-05-21 13:57:00,,0.4361666738986969
2024-05-21 13:58:00,,0.4595000147819519
2024-05-21 13:59:00,,0.46783334016799927
2024-05-21 14:00:00,,0.48616665601730347
2024-05-21 14:01:00,,0.4945000112056732
2024-05-21 14:02:00,,0.5061666369438171
2024-05-21 14:03:00,,0.5220000147819519
2024-05-21 14:04:00,,0.5419999957084656
2024-05-21 14:05:00,,0.5653333067893982
2024-05-21 14:06:00,,0.577833354473114
2024-05-21 14:07:00,,0.6003333330154419
2024-05-21 14:08:00,,0.6053333282470703
2024-05-21 14:09:00,,0.6294999718666077
2024-05-21 14:10:00,,0.6345000267028809
2024-05-21 14:11:00,,0.6395000219345093
2024-05-21 14:12:00,,0.6553333401679993
2024-05-21 14:13:00,,0.684499979019165
2024-05-21 14:14:00,,0.6903333067893982
2024-05-21 14:15:00,,0.7086666822433472
2024-05-21 14:16:00,,0.7161666750907898
2024-05-21 14:17:00,,0.7178333401679993
2024-05-21 14:18:00,,0.7419999837875366
2024-05-21 14:19:00,,0.7544999718666077
2024-05-21 14:20:00,,0.7586666941642761
2024-05-21 14:21:00,,0.7795000076293945
2024-05-21 14:22:00,,0.7886666655540466
2024-05-21 14:23:00,,0.8103333115577698
2024-05-21 14:24:00,,0.8270000219345093
2024-05-21 14:25:00,,0.831166684627533
2024-05-21 14:26:00,,0.8370000123977661
2024-05-21 14:27:00,,0.8636666536331177
2024-05-21 14:28:00,,0.8678333163261414
2024-05-21 14:29:00,,0.8744999766349792
2024-05-21 14:30:00,,0.8953333497047424
2024-05-21 14:31:00,,0.906166672706604
2024-05-21 14:32:00,,0.9136666655540466
2024-05-21 14:33:00,,0.9228333234786987
2024-05-21 14:34:00,,0.9361666440963745
2024-05-21 14:35:00,,0.9503333568572998
2024-05-21 14:36:00,,0.9603333473205566
2024-05-21 14:37:00,,0.9803333282470703
2024-05-21 14:38:00,,1.002833366394043
2024-05-21 14:39:00,,1.0
2024-05-21 14:40:00,,1.00000000000025
2024-05-21 14:41:00,,1.00000000000025
2024-05-21 14:42:00,,1.00000000000025
2024-05-21 14:43:00,,1.00000000000025
2024-05-21 14:44:00,,1.00000000000025
2024-05-21 14:45:00,,1.00000000000025
2024-05-21 14:46:00,,1.000000000000154
2024-05-21 14:47:00,,0.9885000000003459
2024-05-21 14:48:00,,0.9770000000003459
2024-05-21 14:49:00,,0.9655000000003459
2024-05-21 14:50:00,,0.9540000000003459
2024-05-21 14:51:00,,0.942500000000346
2024-05-21 14:52:00,,0.9310000000003459
2024-05-21 14:53:00,,0.9195000000003459
2024-05-21 14:54:00,,0.9080000000003459
2024-05-21 14:55:00,,0.8965000000003459
2024-05-21 14:56:00,,0.885000000000346
2024-05-21 14:57:00,,0.8735000000003459
2024-05-21 14:58:00,,0.8620000000003459
2024-05-21 14:59:00,,0.850500000000346
2024-05-21 15:00:00,,0.8390000000003459
2024-05-21 15:01:00,,0.8275000000003458
2024-05-21 15:02:00,,0.8160000000003459
2024-05-21 15:03:00,,0.8045000000003459
2024-05-21 15:04:00,,0.7930000000003459
2024-05-21 15:05:00,,0.7815000000003459
2024-05-21 15:06:00,,0.7700000000003459
2024-05-21 15:07:00,,0.7585000000003459
2024-05-21 15:08:00,,0.7470000000003458
2024-05-21 15:09:00,,0.7355000000003458
2024-05-21 15:10:00,,0.7240000000003458
2024-05-21 15:11:00,,0.7125000000003457
2024-05-21 15:12:00,,0.7010000000003458
2024-05-21 15:13:00,,0.6895000000003457
2024-05-21 15:14:00,,0.6780000000003457
2024-05-21 15:15:00,,0.6665000000003457
2024-05-21 15:16:00,,0.6550000000003456
2024-05-21 15:17:00,,0.6435000000003457
2024-05-21 15:18:00,,0.6320000000003456
2024-05-21 15:19:00,,0.6205000000003456
2024-05-21 15:20:00,,0.6090000000003456
2024-05-21 15:21:00,,0.5975000000003455
2024-05-21 15:22:00,,0.5975000000003455
2024-05-21 15:23:00,,0.5975000000002496
2024-05-21 15:24:00,,0.5975000000002496
2024-05-21 15:25:00,,0.5975000000002496
2024-05-21 15:26:00,,0.5975000000002496
2024-05-21 15:27:00,,0.5975000000002496
2024-05-21 15:28:00,,0.5975000000002496
2024-05-21 15:29:00,,0.5975000000002496
2024-05-21 15:30:00,,0.5975000000002496
2024-05-21 15:31:00,,0.5975000000002496
2024-05-21 15:32:00,,0.5975000000002496
2024-05-21 15:33:00,,0.5975000000002496
2024-05-21 15:34:00,,0.5975000000002496
2024-05-21 15:35:00,,0.5975000000002496
2024-05-21 15:36:00,,0.5975000000002496
2024-05-21 15:37:00,,0.5975000000002496
2024-05-21 15:38:00,,0.5975000000002496
2024-05-21 15:39:00,,0.5975000000002496
2024-05-21 15:40:00,,0.5975000000002496
2024-05-21 15:41:00,,0.5975000000002496
2024-05-21 15:42:00,,0.5975000000002496
2024-05-21 15:43:00,,0.5975000000002496
2024-05-21 15:44:00,,0.5975000000002496
2024-05-21 15:45:00,,0.5975000000002496
2024-05-21 15:46:00,,0.5975000000002496
2024-05-21 15:47:00,,0.5975000000002496
2024-05-21 15:48:00,,0.5975000000002496
2024-05-21 15:49:00,,0.5975000000002496
2024-05-21 15:50:00,,0.5975000000002496
2024-05-21 15:51:00,,0.5975000000002496
2024-05-21 15:52:00,,0.5975000000002496
2024-05-21 15:53:00,,0.5975000000002496
2024-05-21 15:54:00,,0.5975000000002496
2024-05-21 15:55:00,,0.5975000000002496
2024-05-21 15:56:00,,0.5975000000002496
2024-05-21 15:57:00,,0.5975000000002496
2024-05-21 15:58:00,,0.5975000000002496
2024-05-21 15:59:00,,0.5975000000002496
2024-05-21 16:00:00,,0.5975000000002496
2024-05-21 16:01:00,,0.5975000000002496
2024-05-21 16:02:00,,0.5975000000002496
2024-05-21 16:03:00,,0.5975000000002496
2024-05-21 16:04:00,,0.5975000000002496
2024-05-21 16:05:00,,0.5975000000002496
2024-05-21 16:06:00,,0.5975000000002496
2024-05-21 16:07:00,,0.5975000000002496
2024-05-21 16:08:00,,0.5975000000002496
2024-05-21 16:09:00,,0.5975000000002496
2024-05-21 16:10:00,,0.5975000000002496
2024-05-21 16:11:00,,0.5975000000002496
2024-05-21 16:12:00,,0.5975000000002496
2024-05-21 16:13:00,,0.5975000000002496
2024-05-21 16:14:00,,0.5975000000002496
2024-05-21 16:15:00,,0.5975000000002496
2024-05-21 16:16:00,,0.5975000000002496
2024-05-21 16:17:00,,0.5975000000002496
2024-05-21 16:18:00,,0.5975000000002496
2024-05-21 16:19:00,,0.5975000000002496
2024-05-21 16:20:00,,0.5975000000002496
2024-05-21 16:21:00,,0.5975000000002496
2024-05-21 16:22:00,,0.5975000000002496
2024-05-21 16:23:00,,0.5975000000002496
2024-05-21 16:24:00,,0.5975000000002496
2024-05-21 16:25:00,,0.5975000000002302
2024-05-21 16:26:00,,0.5951666666669357
2024-05-21 16:27:00,,0.5928333333336024
2024-05-21 16:28:00,,0.590500000000269
2024-05-21 16:29:00,,0.5881666666669357
2024-05-21 16:30:00,,0.5858333333336024
2024-05-21 16:31:00,,0.583500000000269
2024-05-21 16:32:00,,0.5811666666669357
2024-05-21 16:33:00,,0.5788333333336024
2024-05-21 16:34:00,,0.576500000000269
2024-05-21 16:35:00,,0.5741666666669357
2024-05-21 16:36:00,,0.5718333333336024
2024-05-21 16:37:00,,0.569500000000269
2024-05-21 16:38:00,,0.5671666666669357
2024-05-21 16:39:00,,0.5648333333336024
2024-05-21 16:40:00,,0.5625000000002691
2024-05-21 16:41:00,,0.5601666666669357
2024-05-21 16:42:00,,0.5578333333336024
2024-05-21 16:43:00,,0.5555000000002691
2024-05-21 16:44:00,,0.5531666666669357
2024-05-21 16:45:00,,0.5508333333336024
2024-05-21 16:46:00,,0.5485000000002691
2024-05-21 16:47:00,,0.5461666666669357
2024-05-21 16:48:00,,0.5438333333336024
2024-05-21 16:49:00,,0.5415000000002691
2024-05-21 16:50:00,,0.5391666666669357
2024-05-21 16:51:00,,0.5368333333336024
2024-05-21 16:52:00,,0.5345000000002691
2024-05-21 16:53:00,,0.5321666666669358
2024-05-21 16:54:00,,0.5298333333336024
2024-05-21 16:55:00,,0.5275000000002691
2024-05-21 16:56:00,,0.5251666666669358
2024-05-21 16:57:00,,0.5228333333336024
2024-05-21 16:58:00,,0.5205000000002691
2024-05-21 16:59:00,,0.5181666666669358
2024-05-21 17:00:00,,0.5158333333336025
2024-05-21 17:01:00,,0.5135000000002691
2024-05-21 17:02:00,,0.5111666666669358
2024-05-21 17:03:00,,0.5088333333336025
2024-05-21 17:04:00,,0.5065000000002691
2024-05-21 17:05:00,,0.5041666666669358
2024-05-21 17:06:00,,0.5018333333336025
2024-05-21 17:07:00,,0.4995000000002691
2024-05-21 17:08:00,,0.49716666666693576
2024-05-21 17:09:00,,0.4948333333336024
2024-05-21 17:10:00,,0.49250000000026906
2024-05-21 17:11:00,,0.49016666666693576
2024-05-21 17:12:00,,0.4878333333336024
2024-05-21 17:13:00,,0.48550000000026905
2024-05-21 17:14:00,,0.4831666666669357
2024-05-21 17:15:00,,0.48083333333360234
2024-05-21 17:16:00,,0.47850000000026904
2024-05-21 17:17:00,,0.4761666666669357
2024-05-21 17:18:00,,0.47383333333360234
2024-05-21 17:19:00,,0.471500000000269
2024-05-21 17:20:00,,0.46916666666693563
2024-05-21 17:21:00,,0.46683333333360233
2024-05-21 17:22:00,,0.464500000000269
2024-05-21 17:23:00,,0.4621666666669356
2024-05-21 17:24:00,,0.45983333333360227
2024-05-21 17:25:00,,0.4575000000002689
2024-05-21 17:26:00,,0.4551666666669356
2024-05-21 17:27:00,,0.45283333333360226
2024-05-21 17:28:00,,0.4505000000002689
2024-05-21 17:29:00,,0.44816666666693555
2024-05-21 17:30:00,,0.4458333333336022
2024-05-21 17:31:00,,0.4435000000002689
2024-05-21 17:32:00,,0.44116666666693555
2024-05-21 17:33:00,,0.4388333333336022
2024-05-21 17:34:00,,0.43650000000026884
2024-05-21 17:35:00,,0.4341666666669355
2024-05-21 17:36:00,,0.4318333333336022
2024-05-21 17:37:00,,0.42950000000026883
2024-05-21 17:38:00,,0.4271666666669355
2024-05-21 17:39:00,,0.4248333333336021
2024-05-21 17:40:00,,0.42250000000026877
2024-05-21 17:41:00,,0.4201666666669355
2024-05-21 17:42:00,,0.4178333333336021
2024-05-21 17:43:00,,0.41550000000026877
2024-05-21 17:44:00,,0.4131666666669354
2024-05-21 17:45:00,,0.41083333333360206
2024-05-21 17:46:00,,0.40850000000026876
2024-05-21 17:47:00,,0.4061666666669354
2024-05-21 17:48:00,,0.40383333333360205
2024-05-21 17:49:00,,0.4015000000002687
2024-05-21 17:50:00,,0.39916666666693534
2024-05-21 17:51:00,,0.39683333333360205
2024-05-21 17:52:00,,0.3945000000002687
2024-05-21 17:53:00,,0.39216666666693534
2024-05-21 17:54:00,,0.389833333333602
2024-05-21 17:55:00,,0.38750000000026863
2024-05-21 17:56:00,,0.38516666666693533
2024-05-21 17:57:00,,0.382833333333602
2024-05-21 17:58:00,,0.3805000000002686
2024-05-21 17:59:00,,0.37816666666693527
2024-05-21 18:00:00,,0.3758333333336019
2024-05-21 18:01:00,,0.3735000000002686
2024-05-21 18:02:00,,0.37116666666693526
2024-05-21 18:03:00,,0.3688333333336019
2024-05-21 18:04:00,,0.36650000000026856
2024-05-21 18:05:00,,0.3641666666669352
2024-05-21 18:06:00,,0.3618333333336019
2024-05-21 18:07:00,,0.35950000000026855
2024-05-21 18:08:00,,0.3571666666669352
2024-05-21 18:09:00,,0.35483333333360184
2024-05-21 18:10:00,,0.3525000000002685
2024-05-21 18:11:00,,0.3501666666669352
2024-05-21 18:12:00,,0.34783333333360184
2024-05-21 18:13:00,,0.3455000000002685
2024-05-21 18:14:00,,0.3431666666669351
2024-05-21 18:15:00,,0.3408333333336018
2024-05-21 18:16:00,,0.3385000000002685
2024-05-21 18:17:00,,0.3361666666669351
2024-05-21 18:18:00,,0.33383333333360177
2024-05-21 18:19:00,,0.3315000000002684
2024-05-21 18:20:00,,0.32916666666693506
2024-05-21 18:21:00,,0.32683333333360176
2024-05-21 18:22:00,,0.3245000000002684
2024-05-21 18:23:00,,0.32216666666693505
2024-05-21 18:24:00,,0.3198333333336017
2024-05-21 18:25:00,,0.31750000000026835
2024-05-21 18:26:00,,0.31516666666693505
2024-05-21 18:27:00,,0.3128333333336017
2024-05-21 18:28:00,,0.31050000000026834
2024-05-21 18:29:00,,0.308166666666935
2024-05-21 18:30:00,,0.30583333333360163
2024-05-21 18:31:00,,0.30350000000026833
2024-05-21 18:32:00,,0.301166666666935
2024-05-21 18:33:00,,0.2988333333336016
2024-05-21 18:34:00,,0.29650000000026827
2024-05-21 18:35:00,,0.2941666666669349
2024-05-21 18:36:00,,0.2918333333336016
2024-05-21 18:37:00,,0.28950000000026826
2024-05-21 18:38:00,,0.2871666666669349
2024-05-21 18:39:00,,0.28483333333360156
2024-05-21 18:40:00,,0.2825000000002682
2024-05-21 18:41:00,,0.2801666666669349
2024-05-21 18:42:00,,0.27783333333360155
2024-05-21 18:43:00,,0.2755000000002682
2024-05-21 18:44:00,,0.27316666666693484
2024-05-21 18:45:00,,0.2708333333336015
2024-05-21 18:46:00,,0.2685000000002682
2024-05-21 18:47:00,,0.26616666666693484
2024-05-21 18:48:00,,0.2638333333336015
2024-05-21 18:49:00,,0.26150000000026813
2024-05-21 18:50:00,,0.2591666666669348
2024-05-21 18:51:00,,0.2568333333336015
2024-05-21 18:52:00,,0.2545000000002681
2024-05-21 18:53:00,,0.25216666666693477
2024-05-21 18:54:00,,0.24983333333360142
2024-05-21 18:55:00,,0.24750000000026806
2024-05-21 18:56:00,,0.24516666666693476
2024-05-21 18:57:00,,0.2428333333336014
2024-05-21 18:58:00,,0.24050000000026805
2024-05-21 18:59:00,,0.2381666666669347
2024-05-21 19:00:00,,0.23583333333360135
2024-05-21 19:01:00,,0.23350000000026805
2024-05-21 19:02:00,,0.2311666666669347
2024-05-21 19:03:00,,0.22883333333360134
2024-05-21 19:04:00,,0.226500000000268
2024-05-21 19:05:00,,0.22416666666693463
2024-05-21 19:06:00,,0.22183333333360133
2024-05-21 19:07:00,,0.21950000000026798
2024-05-21 19:08:00,,0.21716666666693463
2024-05-21 19:09:00,,0.21483333333360127
2024-05-21 19:10:00,,0.21250000000026792
2024-05-21 19:11:00,,0.21016666666693462
2024-05-21 19:12:00,,0.20783333333360127
2024-05-21 19:13:00,,0.2055000000002679
2024-05-21 19:14:00,,0.20316666666693456
2024-05-21 19:15:00,,0.2008333333336012
2024-05-21 19:16:00,,0.1985000000002679
2024-05-21 19:17:00,,0.19616666666693455
2024-05-21 19:18:00,,0.1938333333336012
2024-05-21 19:19:00,,0.19150000000026784
2024-05-21 19:20:00,,0.1891666666669345
2024-05-21 19:21:00,,0.1868333333336012
2024-05-21 19:22:00,,0.18450000000026784
2024-05-21 19:23:00,,0.18216666666693448
2024-05-21 19:24:00,,0.17983333333360113
2024-05-21 19:25:00,,0.17750000000026778
2024-05-21 19:26:00,,0.17516666666693448
2024-05-21 19:27:00,,0.17283333333360112
2024-05-21 19:28:00,,0.17050000000026777
2024-05-21 19:29:00,,0.16816666666693442
2024-05-21 19:30:00,,0.16583333333360106
2024-05-21 19:31:00,,0.16350000000026776
2024-05-21 19:32:00,,0.1611666666669344
2024-05-21 19:33:00,,0.15883333333360106
2024-05-21 19:34:00,,0.1565000000002677
2024-05-21 19:35:00,,0.15416666666693435
2024-05-21 19:36:00,,0.15183333333360105
2024-05-21 19:37:00,,0.1495000000002677
2024-05-21 19:38:00,,0.14716666666693434
2024-05-21 19:39:00,,0.144833333333601
2024-05-21 19:40:00,,0.144833333333601
2024-05-21 19:41:00,,0.14483333333358153
2024-05-21 19:42:00,,0.14483333333358153
2024-05-21 19:43:00,,0.14483333333358153
2024-05-21 19:44:00,,0.14483333333358153
2024-05-21 19:45:00,,0.14483333333358153
2024-05-21 19:46:00,,0.14483333333358153
2024-05-21 19:47:00,,0.14483333333358153
2024-05-21 19:48:00,,0.14483333333358153
2024-05-21 19:49:00,,0.14483333333358153
2024-05-21 19:50:00,,0.14483333333358153
2024-05-21 19:51:00,,0.14483333333358153
2024-05-21 19:52:00,,0.14483333333358153
2024-05-21 19:53:00,,0.14483333333358153
2024-05-21 19:54:00,,0.14483333333358153
2024-05-21 19:55:00,,0.14483333333358153
2024-05-21 19:56:00,,0.14483333333358153
2024-05-21 19:57:00,,0.14483333333358153
2024-05-21 19:58:00,,0.14483333333358153
2024-05-21 19:59:00,,0.14483333333358153
2024-05-21 20:00:00,,0.14483333333358153
2024-05-21 20:01:00,,0.14483333333358153
2024-05-21 20:02:00,,0.14483333333358153
2024-05-21 20:03:00,,0.14483333333358153
2024-05-21 20:04:00,,0.14483333333358153
2024-05-21 20:05:00,,0.14483333333358153
2024-05-21 20:06:00,,0.14483333333358153
2024-05-21 20:07:00,,0.14483333333358153
2024-05-21 20:08:00,,0.14483333333358153
2024-05-21 20:09:00,,0.14483333333358153
2024-05-21 20:10:00,,0.14483333333358153
2024-05-21 20:11:00,,0.14483333333358153
2024-05-21 20:12:00,,0.14483333333358153
2024-05-21 20:13:00,,0.14483333333358153
2024-05-21 20:14:00,,0.14483333333358153
2024-05-21 20:15:00,,0.14483333333358153
2024-05-21 20:16:00,,0.14483333333358153
2024-05-21 20:17:00,,0.14483333333358153
2024-05-21 20:18:00,,0.14483333333358153
2024-05-21 20:19:00,,0.14483333333358153
2024-05-21 20:20:00,,0.14483333333358153
2024-05-21 20:21:00,,0.14483333333358153
2024-05-21 20:22:00,,0.14483333333358153
2024-05-21 20:23:00,,0.14483333333358153
2024-05-21 20:24:00,,0.14483333333358153
2024-05-21 20:25:00,,0.14483333333358153
2024-05-21 20:26:00,,0.14483333333358153
2024-05-21 20:27:00,,0.14483333333358153
2024-05-21 20:28:00,,0.14483333333358153
2024-05-21 20:29:00,,0.14483333333358153
2024-05-21 20:30:00,,0.14483333333358153
2024-05-21 20:31:00,,0.14483333333358153
2024-05-21 20:32:00,,0.14483333333358153
2024-05-21 20:33:00,,0.14483333333358153
2024-05-21 20:34:00,,0.14483333333358153
2024-05-21 20:35:00,,0.14483333333358153
2024-05-21 20:36:00,,0.14483333333358153
2024-05-21 20:37:00,,0.14483333333358153
2024-05-21 20:38:00,,0.14483333333358153
2024-05-21 20:39:00,,0.14483333333358153
2024-05-21 20:40:00,,0.14483333333358153
2024-05-21 20:41:00,,0.14483333333358153
2024-05-21 20:42:00,,0.14483333333358153
2024-05-21 20:43:00,,0.14483333333358153
2024-05-21 20:44:00,,0.14483333333358153
2024-05-21 20:45:00,,0.14483333333358153
2024-05-21 20:46:00,,0.14483333333358153
2024-05-21 20:47:00,,0.14483333333358153
2024-05-21 20:48:00,,0.14483333333358153
2024-05-21 20:49:00,,0.14483333333358153
2024-05-21 20:50:00,,0.14483333333358153
2024-05-21 20:51:00,,0.14483333333358153
2024-05-21 20:52:00,,0.14483333333358153
2024-05-21 20:53:00,,0.14483333333358153
2024-05-21 20:54:00,,0.14483333333358153
2024-05-21 20:55:00,,0.14483333333358153
2024-05-21 20:56:00,,0.14483333333358153
2024-05-21 20:57:00,,0.14483333333358153
2024-05-21 20:58:00,,0.14483333333358153
2024-05-21 20:59:00,,0.14483333333358153
2024-05-21 21:00:00,,0.14483333333358153
2024-05-21 21:01:00,,0.14483333333358153
2024-05-21 21:02:00,,0.14483333333358153
2024-05-21 21:03:00,,0.14483333333358153
2024-05-21 21:04:00,,0.14483333333358153
2024-05-21 21:05:00,,0.14483333333358153
2024-05-21 21:06:00,,0.14483333333358153
2024-05-21 21:07:00,,0.14483333333358153
2024-05-21 21:08:00,,0.14483333333358153
2024-05-21 21:09:00,,0.14483333333358153
2024-05-21 21:10:00,,0.14483333333358153
2024-05-21 21:11:00,,0.14483333333358153
2024-05-21 21:12:00,,0.14483333333358153
2024-05-21 21:13:00,,0.14483333333358153
2024-05-21 21:14:00,,0.14483333333358153
2024-05-21 21:15:00,,0.14483333333358153
2024-05-21 21:16:00,,0.14483333333358153
2024-05-21 21:17:00,,0.14483333333358153
2024-05-21 21:18:00,,0.14483333333358153
2024-05-21 21:19:00,,0.14483333333358153
2024-05-21 21:20:00,,0.14483333333358153
2024-05-21 21:21:00,,0.14483333333358153
2024-05-21 21:22:00,,0.14483333333358153
2024-05-21 21:23:00,,0.14483333333358153
2024-05-21 21:24:00,,0.14483333333358153
2024-05-21 21:25:00,,0.14483333333358153
2024-05-21 21:26:00,,0.14483333333358153
2024-05-21 21:27:00,,0.14483333333358153
2024-05-21 21:28:00,,0.14483333333358153
2024-05-21 21:29:00,,0.14483333333358153
2024-05-21 21:30:00,,0.14483333333358153
2024-05-21 21:31:00,,0.14483333333358153
2024-05-21 21:32:00,,0.14483333333358153
2024-05-21 21:33:00,,0.14483333333358153
2024-05-21 21:34:00,,0.14483333333358153
2024-05-21 21:35:00,,0.14483333333358153
2024-05-21 21:36:00,,0.14483333333358153
2024-05-21 21:37:00,,0.14483333333358153
2024-05-21 21:38:00,,0.14483333333358153
2024-05-21 21:39:00,,0.14483333333358153
2024-05-21 21:40:00,,0.14483333333358153
2024-05-21 21:41:00,,0.14483333333358153
2024-05-21 21:42:00,,0.14483333333358153
2024-05-21 21:43:00,,0.14483333333358153
2024-05-21 21:44:00,,0.14483333333358153
2024-05-21 21:45:00,,0.14483333333358153
2024-05-21 21:46:00,,0.14483333333358153
2024-05-21 21:47:00,,0.14483333333358153
2024-05-21 21:48:00,,0.14483333333358153
2024-05-21 21:49:00,,0.14483333333358153
2024-05-21 21:50:00,,0.14483333333358153
2024-05-21 21:51:00,,0.14483333333358153
2024-05-21 21:52:00,,0.14483333333358153
2024-05-21 21:53:00,,0.14483333333358153
2024-05-21 21:54:00,,0.14483333333358153
2024-05-21 21:55:00,,0.14483333333358153
2024-05-21 21:56:00,,0.14483333333358153
2024-05-21 21:57:00,,0.14483333333358153
2024-05-21 21:58:00,,0.14483333333358153
2024-05-21 21:59:00,,0.14483333333358153
2024-05-21 22:00:00,,0.14483333333358153
2024-05-21 22:01:00,,0.14483333333358153
2024-05-21 22:02:00,,0.14483333333358153
2024-05-21 22:03:00,,0.14483333333358153
2024-05-21 22:04:00,,0.14483333333358153
2024-05-21 22:05:00,,0.14483333333358153
2024-05-21 22:06:00,,0.14483333333358153
2024-05-21 22:07:00,,0.14483333333358153
2024-05-21 22:08:00,,0.14483333333358153
2024-05-21 22:09:00,,0.14483333333358153
2024-05-21 22:10:00,,0.14483333333358153
2024-05-21 22:11:00,,0.14483333333358153
2024-05-21 22:12:00,,0.14483333333358153
2024-05-21 22:13:00,,0.14483333333358153
2024-05-21 22:14:00,,0.14483333333358153
2024-05-21 22:15:00,,0.14483333333358153
2024-05-21 22:16:00,,0.14483333333358153
2024-05-21 22:17:00,,0.14483333333358153
2024-05-21 22:18:00,,0.14483333333358153
2024-05-21 22:19:00,,0.14483333333358153
2024-05-21 22:20:00,,0.14483333333358153
2024-05-21 22:21:00,,0.14483333333358153
2024-05-21 22:22:00,,0.14483333333358153
2024-05-21 22:23:00,,0.14483333333358153
2024-05-21 22:24:00,,0.14483333333358153
2024-05-21 22:25:00,,0.14483333333358153
2024-05-21 22:26:00,,0.14483333333358153
2024-05-21 22:27:00,,0.14483333333358153
2024-05-21 22:28:00,,0.14483333333358153
2024-05-21 22:29:00,,0.14483333333358153
2024-05-21 22:30:00,,0.14483333333358153
2024-05-21 22:31:00,,0.14483333333358153
2024-05-21 22:32:00,,0.14483333333358153
2024-05-21 22:33:00,,0.14483333333358153
2024-05-21 22:34:00,,0.14483333333358153
2024-05-21 22:35:00,,0.14483333333358153
2024-05-21 22:36:00,,0.14483333333358153
2024-05-21 22:37:00,,0.14483333333358153
2024-05-21 22:38:00,,0.14483333333358153
2024-05-21 22:39:00,,0.14483333333358153
2024-05-21 22:40:00,,0.14483333333358153
2024-05-21 22:41:00,,0.14483333333358153
2024-05-21 22:42:00,,0.14483333333358153
2024-05-21 22:43:00,,0.14483333333358153
2024-05-21 22:44:00,,0.14483333333358153
2024-05-21 22:45:00,,0.14483333333358153
2024-05-21 22:46:00,,0.14483333333358153
2024-05-21 22:47:00,,0.14483333333358153
2024-05-21 22:48:00,,0.14483333333358153
2024-05-21 22:49:00,,0.14483333333358153
2024-05-21 22:50:00,,0.14483333333358153
2024-05-21 22:51:00,,0.14483333333358153
2024-05-21 22:52:00,,0.14483333333358153
2024-05-21 22:53:00,,0.14483333333358153
2024-05-21 22:54:00,,0.14483333333358153
2024-05-21 22:55:00,,0.14483333333358153
2024-05-21 22:56:00,,0.14483333333358153
2024-05-21 22:57:00,,0.14483333333358153
2024-05-21 22:58:00,,0.14483333333358153
2024-05-21 22:59:00,,0.14483333333358153
2024-05-21 23:00:00,,0.14483333333358153
2024-05-21 23:01:00,,0.14483333333358153
2024-05-21 23:02:00,,0.14483333333358153
2024-05-21 23:03:00,,0.14483333333358153
2024-05-21 23:04:00,,0.14483333333358153
2024-05-21 23:05:00,,0.14483333333358153
2024-05-21 23:06:00,,0.14483333333358153
2024-05-21 23:07:00,,0.14483333333358153
2024-05-21 23:08:00,,0.14483333333358153
2024-05-21 23:09:00,,0.14483333333358153
2024-05-21 23:10:00,,0.14483333333358153
2024-05-21 23:11:00,,0.14483333333358153
2024-05-21 23:12:00,,0.14483333333358153
2024-05-21 23:13:00,,0.14483333333358153
2024-05-21 23:14:00,,0.14483333333358153
2024-05-21 23:15:00,,0.14483333333358153
2024-05-21 23:16:00,,0.14483333333358153
2024-05-21 23:17:00,,0.14483333333358153
2024-05-21 23:18:00,,0.14483333333358153
2024-05-21 23:19:00,,0.14483333333358153
2024-05-21 23:20:00,,0.14483333333358153
2024-05-21 23:21:00,,0.14483333333358153
2024-05-21 23:22:00,,0.14483333333358153
2024-05-21 23:23:00,,0.14483333333358153
2024-05-21 23:24:00,,0.14483333333358153
2024-05-21 23:25:00,,0.14483333333358153
2024-05-21 23:26:00,,0.14483333333358153
2024-05-21 23:27:00,,0.14483333333358153
2024-05-21 23:28:00,,0.14483333333358153
2024-05-21 23:29:00,,0.14483333333358153
2024-05-21 23:30:00,,0.14483333333358153
2024-05-21 23:31:00,,0.14483333333358153
2024-05-21 23:32:00,,0.14483333333358153
2024-05-21 23:33:00,,0.14483333333358153
2024-05-21 23:34:00,,0.14483333333358153
2024-05-21 23:35:00,,0.14483333333358153
2024-05-21 23:36:00,,0.14483333333358153
2024-05-21 23:37:00,,0.14483333333358153
2024-05-21 23:38:00,,0.14483333333358153
2024-05-21 23:39:00,,0.14483333333358153
2024-05-21 23:40:00,,0.14483333333358153
2024-05-21 23:41:00,,0.14483333333358153
2024-05-21 23:42:00,,0.14483333333358153
2024-05-21 23:43:00,,0.14483333333358153
2024-05-21 23:44:00,,0.14483333333358153
2024-05-21 23:45:00,,0.14483333333358153
2024-05-21 23:46:00,,0.14483333333358153
2024-05-21 23:47:00,,0.14483333333358153
2024-05-21 23:48:00,,0.14483333333358153
2024-05-21 23:49:00,,0.14483333333358153
2024-05-21 23:50:00,,0.14483333333358153
2024-05-21 23:51:00,,0.14483333333358153
2024-05-21 23:52:00,,0.14483333333358153
2024-05-21 23:53:00,,0.14483333333358153
2024-05-21 23:54:00,,0.14483333333358153
2024-05-21 23:55:00,,0.14483333333358153
2024-05-21 23:56:00,,0.14483333333358153
2024-05-21 23:57:00,,0.14483333333358153
2024-05-21 23:58:00,,0.14483333333358153
2024-05-21 23:59:00,,0.14483333333358153
